symbol,date,open,high,low,close,volume,adjusted
MGLU3.SA,2012-05-01,0.355625,0.392812,0.2675,0.291562,353811200,0.26289
MGLU3.SA,2012-06-01,0.285625,0.320312,0.272812,0.29375,193897600,0.265208
MGLU3.SA,2012-07-01,0.295312,0.324375,0.276875,0.320312,163385600,0.28919
MGLU3.SA,2012-08-01,0.32,0.367187,0.312812,0.353125,288870400,0.318814
MGLU3.SA,2012-09-01,0.353125,0.414062,0.339375,0.3825,305430400,0.345335
MGLU3.SA,2012-10-01,0.379375,0.41,0.34375,0.353437,238160000,0.319096
MGLU3.SA,2012-11-01,0.3525,0.369062,0.322187,0.351562,228720000,0.317403
MGLU3.SA,2012-12-01,0.35625,0.391875,0.34125,0.379687,254896000,0.342796
MGLU3.SA,2013-01-01,0.379687,0.4275,0.354687,0.375,525603200,0.338564
MGLU3.SA,2013-02-01,0.375,0.401562,0.309375,0.316875,496838400,0.286087
MGLU3.SA,2013-03-01,0.3125,0.313125,0.274062,0.278125,382822400,0.251102
MGLU3.SA,2013-04-01,0.28625,0.296875,0.217812,0.22375,445648000,0.20201
MGLU3.SA,2013-05-01,0.22375,0.293125,0.220937,0.254687,553513600,0.229941
MGLU3.SA,2013-06-01,0.256875,0.27,0.168125,0.168125,581168000,0.151789
MGLU3.SA,2013-07-01,0.179687,0.194687,0.145312,0.159687,844908800,0.144171
MGLU3.SA,2013-08-01,0.16,0.216562,0.15375,0.179375,1012169600,0.161946
MGLU3.SA,2013-09-01,0.180625,0.245312,0.180625,0.235937,530294400,0.213013
MGLU3.SA,2013-10-01,0.237812,0.307187,0.2275,0.296875,572563200,0.26803
MGLU3.SA,2013-11-01,0.298437,0.321562,0.254375,0.2625,494736000,0.236995
MGLU3.SA,2013-12-01,0.2625,0.265312,0.2225,0.235937,541820800,0.213013
MGLU3.SA,2014-01-01,0.235937,0.276562,0.217187,0.248437,534499200,0.224298
MGLU3.SA,2014-02-01,0.244375,0.259062,0.219062,0.22,701382400,0.198624
MGLU3.SA,2014-03-01,0.22,0.224375,0.184375,0.2025,738825600,0.18451
MGLU3.SA,2014-04-01,0.203125,0.23875,0.198437,0.2375,473792000,0.216401
MGLU3.SA,2014-05-01,0.2375,0.281875,0.2375,0.254375,780432000,0.235366
MGLU3.SA,2014-06-01,0.255,0.297812,0.2375,0.287187,737321600,0.265726
MGLU3.SA,2014-07-01,0.2875,0.30625,0.265312,0.279687,580057600,0.258787
MGLU3.SA,2014-08-01,0.279687,0.285937,0.262187,0.28125,439177600,0.260233
MGLU3.SA,2014-09-01,0.280937,0.292812,0.224062,0.236875,606374400,0.219174
MGLU3.SA,2014-10-01,0.235937,0.270312,0.2,0.257812,550518400,0.238546
MGLU3.SA,2014-11-01,0.2625,0.274687,0.239062,0.248437,374358400,0.229872
MGLU3.SA,2014-12-01,0.249687,0.255937,0.220625,0.240937,420444256,0.222933
MGLU3.SA,2015-01-01,0.240937,0.24375,0.200937,0.2125,240329600,0.196621
MGLU3.SA,2015-02-01,0.20875,0.21625,0.17875,0.189062,370614400,0.176828
MGLU3.SA,2015-03-01,0.189062,0.193437,0.151562,0.159062,550441600,0.148769
MGLU3.SA,2015-04-01,0.159062,0.177812,0.154062,0.157187,430601600,0.147015
MGLU3.SA,2015-05-01,0.156562,0.178125,0.130625,0.13375,491609600,0.127749
MGLU3.SA,2015-06-01,0.133125,0.137812,0.109062,0.110312,340169600,0.105363
MGLU3.SA,2015-07-01,0.110312,0.122812,0.074375,0.112187,1135440000,0.107153
MGLU3.SA,2015-08-01,0.109062,0.112187,0.078437,0.079687,555772800,0.076112
MGLU3.SA,2015-09-01,0.08,0.08375,0.055,0.05625,483145600,0.053726
MGLU3.SA,2015-10-01,0.053945,0.063515,0.045078,0.046093,1430553600,0.044025
MGLU3.SA,2015-11-01,0.046093,0.048437,0.034492,0.034492,1299609600,0.032944
MGLU3.SA,2015-12-01,0.035507,0.070312,0.03039,0.068945,2797824000,0.065852
MGLU3.SA,2016-01-01,0.068945,0.072578,0.049218,0.055273,1044889600,0.052793
MGLU3.SA,2016-02-01,0.055273,0.083554,0.049453,0.076953,695296000,0.0735
MGLU3.SA,2016-03-01,0.077929,0.126171,0.075898,0.114257,1153792000,0.109131
MGLU3.SA,2016-04-01,0.115898,0.136718,0.104492,0.125117,643865600,0.119503
MGLU3.SA,2016-05-01,0.126562,0.143359,0.111328,0.135781,663270400,0.129689
MGLU3.SA,2016-06-01,0.134648,0.151171,0.131093,0.15039,1084595200,0.143642
MGLU3.SA,2016-07-01,0.150898,0.179687,0.149609,0.179687,660300800,0.171625
MGLU3.SA,2016-08-01,0.180273,0.248398,0.167968,0.236328,1257011200,0.225725
MGLU3.SA,2016-09-01,0.23621,0.298828,0.23125,0.298828,813312000,0.28542
MGLU3.SA,2016-10-01,0.30082,0.391406,0.262187,0.361171,958361600,0.344966
MGLU3.SA,2016-11-01,0.361328,0.40625,0.34375,0.40625,533708800,0.388023
MGLU3.SA,2016-12-01,0.402343,0.421875,0.377226,0.414726,401459200,0.396118
MGLU3.SA,2017-01-01,0.410273,0.514453,0.367851,0.49996,503372800,0.477528
MGLU3.SA,2017-02-01,0.503906,0.851562,0.470546,0.812929,534604800,0.776455
MGLU3.SA,2017-03-01,0.829453,0.851562,0.644687,0.691796,603315200,0.660757
MGLU3.SA,2017-04-01,0.697304,0.924843,0.660156,0.870273,392601600,0.831226
MGLU3.SA,2017-05-01,0.870273,1.10332,0.863125,0.980468,612172800,0.941046
MGLU3.SA,2017-06-01,0.990039,1.022851,0.882812,1,529766400,0.959793
MGLU3.SA,2017-07-01,0.998046,1.490156,0.998046,1.433125,790528000,1.375504
MGLU3.SA,2017-08-01,1.503867,2.226562,1.414492,2.21875,1253888000,2.129541
MGLU3.SA,2017-09-01,2.261718,2.728125,1.988125,2.319062,1786121600,2.22582
MGLU3.SA,2017-10-01,2.370312,2.521875,1.885,1.992187,1623366400,1.912088
MGLU3.SA,2017-11-01,2.15625,2.171875,1.484375,1.775625,1764726400,1.704233
MGLU3.SA,2017-12-01,1.78125,2.506875,1.72625,2.506875,1237676800,2.406082
MGLU3.SA,2018-01-01,2.506875,2.7025,2.331562,2.6425,714320000,2.551355
MGLU3.SA,2018-02-01,2.634375,2.9625,2.256562,2.845312,1005756800,2.747171
MGLU3.SA,2018-03-01,2.845312,3.1775,2.69375,3.059687,1012038400,2.954152
MGLU3.SA,2018-04-01,3.078125,3.367812,2.875625,3.334687,863395200,3.219667
MGLU3.SA,2018-05-01,3.334687,3.578125,2.990625,3.388125,1708073600,3.280283
MGLU3.SA,2018-06-01,3.465,4.046562,2.97875,3.999687,1551126400,3.87238
MGLU3.SA,2018-07-01,3.975,4.233437,3.546562,4.133125,901907200,4.00157
MGLU3.SA,2018-08-01,4.126562,4.640312,3.95625,4.070312,1083481600,3.940757
MGLU3.SA,2018-09-01,4.030937,4.03125,3.575312,3.827812,816956800,3.705975
MGLU3.SA,2018-10-01,3.857812,5.4375,3.78125,5.275,1159712000,5.1071
MGLU3.SA,2018-11-01,5.3125,5.417187,4.471875,5.144687,1056108800,4.980935
MGLU3.SA,2018-12-01,5.25,5.71125,5.0125,5.658437,514524800,5.478332
MGLU3.SA,2019-01-01,5.658437,5.812187,5.020312,5.595937,692409600,5.417821
MGLU3.SA,2019-02-01,5.59375,5.66125,4.944062,5.420625,684985600,5.265326
MGLU3.SA,2019-03-01,5.465312,5.745,5.161562,5.401562,602300800,5.246809
MGLU3.SA,2019-04-01,5.436562,5.976875,4.95375,5.976875,670448000,5.805639
MGLU3.SA,2019-05-01,5.976875,6.322187,5.158437,6.125,827353600,5.963025
MGLU3.SA,2019-06-01,6.15625,6.749687,5.875937,6.5975,694377600,6.423029
MGLU3.SA,2019-07-01,6.625,8.4825,6.53125,8.24125,882313600,8.02331
MGLU3.SA,2019-08-01,8.421875,9.665,8.245,9.0725,1064901600,8.832578
MGLU3.SA,2019-09-01,9.125,9.4475,7.9075,9.26,797850000,9.015121
MGLU3.SA,2019-10-01,9.2875,11.16,9.0125,11.16,996724400,10.864873
MGLU3.SA,2019-11-01,11.2375,12.1975,10.425,11.2575,1221340000,10.980845
MGLU3.SA,2019-12-01,11.3625,12.47,11,11.925,722949200,11.63194
MGLU3.SA,2020-01-01,11.925,14.5225,11.925,13.95,749442000,13.607175
MGLU3.SA,2020-02-01,14.12,14.98,11.805,12.63,817970000,12.328866
MGLU3.SA,2020-03-01,12.675,13.7,6.25,9.7475,1991784400,9.515093
MGLU3.SA,2020-04-01,9.35,13.2225,8.3325,12.425,1307855200,12.128754
MGLU3.SA,2020-05-01,12.425,17.032499,11.8275,16.0875,1145781200,15.97767
MGLU3.SA,2020-06-01,16,18.225,14.63,17.9125,1211122400,17.790211
MGLU3.SA,2020-07-01,17.995001,22.375,17.325001,20.1775,1017780000,20.039747
MGLU3.SA,2020-08-01,20.3025,23.645,19.799999,23.305,1037493200,23.172094
MGLU3.SA,2020-09-01,23.549999,24.105,20.8675,22.299999,1095996800,22.276798
MGLU3.SA,2020-10-01,22.334999,27.25,21.9,24.629999,920493100,24.604374
MGLU3.SA,2020-11-01,24.629999,28.309999,22.9,23.379999,903942500,23.355675
MGLU3.SA,2020-12-01,23.65,25.66,22.6,24.950001,647052300,24.924044
MGLU3.SA,2021-01-01,24.950001,27.07,22.950001,25.27,662472300,25.27
MGLU3.SA,2021-02-01,25.68,26.450001,23.66,24.18,555656700,24.18
MGLU3.SA,2021-03-01,24.559999,25.700001,19.4,20.24,1066851200,20.24
MGLU3.SA,2021-04-01,20.280001,22.52,19.870001,20.030001,546035200,20.030001
MGLU3.SA,2021-05-01,20.110001,20.66,18.25,20.16,457466900,20.16
VVAR3.SA,2012-05-01,5,5.5,4.75,4.75,444000,4.440083
VVAR3.SA,2012-06-01,4.75,4.75,4.5,4.5,1222400,4.206394
VVAR3.SA,2012-07-01,4.5,4.55,4.0025,4.55,2800,4.253131
VVAR3.SA,2012-08-01,4.55,4.825,4.53,4.825,1200,4.510189
VVAR3.SA,2012-09-01,4.45,4.525,4.45,4.5,2400,4.206394
VVAR3.SA,2012-10-01,4.5,4.5,4.25,4.25,182800,3.972705
VVAR3.SA,2012-11-01,4.25,4.5025,4.125,4.5,108000,4.206394
VVAR3.SA,2012-12-01,4.5,4.5025,4.5,4.5,99600,4.206394
VVAR3.SA,2013-01-01,4.5,4.5,4.5,4.5,26000,4.206394
VVAR3.SA,2013-02-01,4.5,5.625,4.5,5.625,123200,5.257993
VVAR3.SA,2013-03-01,5.625,5.875,5.625,5.75,12000,5.374836
VVAR3.SA,2013-04-01,5.75,6,5.75,5.9,260000,5.515049
VVAR3.SA,2013-05-01,5.9,6.75,5.5,6.625,41200,6.196579
VVAR3.SA,2013-06-01,6.625,6.625,5.775,5.775,22400,5.401546
VVAR3.SA,2013-07-01,5.775,5.7775,5.25,5.7775,179200,5.403885
VVAR3.SA,2013-08-01,5.7775,6,5.75,6,13200,5.611996
VVAR3.SA,2013-09-01,6,6.25,5.75,6,14800,5.611996
VVAR3.SA,2013-10-01,6,7.5,6,7.5,42000,7.217156
VVAR3.SA,2013-11-01,7.5,9,7.4975,8.97,60600,8.63172
VVAR3.SA,2013-12-01,8.97,10.19,7.51,7.51,30000,7.22678
VVAR3.SA,2014-01-01,7.51,8.5,6.26,6.72,12900,6.466571
VVAR3.SA,2014-02-01,6.7,7.45,6,6,2800,5.773725
VVAR3.SA,2014-03-01,6,7.5,4.78,6.63,56100,6.379966
VVAR3.SA,2014-04-01,6.63,7.61,6.63,7.6,27800,7.313385
VVAR3.SA,2014-05-01,7.6,8.4,7.1,8,24400,7.6983
VVAR3.SA,2014-06-01,8.42,8.45,6.51,7.21,10200,6.938093
VVAR3.SA,2014-07-01,7.6,8.5,6.21,7.11,19800,6.841864
VVAR3.SA,2014-08-01,7.11,7.5,6.72,7.5,2400,7.217156
VVAR3.SA,2014-09-01,7.5,8.5,7,7,3700,6.736012
VVAR3.SA,2014-10-01,7,7,7,7,0,6.736012
VVAR3.SA,2014-11-01,7,7.5,7,7.5,400,7.217156
VVAR3.SA,2014-12-01,7.5,7.5,5.13,6.8,1000,6.543556
VVAR3.SA,2015-01-01,6.8,7.38,6.8,7.38,2100,7.101682
VVAR3.SA,2015-02-01,7.38,7.7,7.38,7.7,100,7.409614
VVAR3.SA,2015-03-01,7.7,7.7,7.7,7.7,0,7.409614
VVAR3.SA,2015-04-01,7.7,7.7,5.37,5.38,900,5.177107
VVAR3.SA,2015-05-01,5.38,6.4,5.38,6.4,11700,6.362684
VVAR3.SA,2015-06-01,6.4,7,6.4,6.88,17400,6.839885
VVAR3.SA,2015-07-01,6.88,7.97,6.1,7.7,9200,7.655103
VVAR3.SA,2015-08-01,7.7,7.71,7.29,7.7,75000,7.655103
VVAR3.SA,2015-09-01,7.7,7.7,2.4,2.72,58700,2.70414
VVAR3.SA,2015-10-01,2.7,3.56,2.32,2.9,41500,2.883091
VVAR3.SA,2015-11-01,2.9,3.2,2.3,2.9,37000,2.883091
VVAR3.SA,2015-12-01,2.4,2.6,1.32,1.5,192100,1.491254
VVAR3.SA,2016-01-01,1.5,1.57,1.08,1.24,98300,1.23277
VVAR3.SA,2016-02-01,1.34,2.25,1.3,2.25,140200,2.236881
VVAR3.SA,2016-03-01,2.25,2.45,1.98,2.42,100900,2.40589
VVAR3.SA,2016-04-01,2.11,3,2.11,2.97,68500,2.952683
VVAR3.SA,2016-05-01,2.89,3.45,2.5,2.6,37000,2.585365
VVAR3.SA,2016-06-01,2.5,3.45,2.5,3.1,35300,3.082551
VVAR3.SA,2016-07-01,3.1,3.7,2.61,2.9,84400,2.883677
VVAR3.SA,2016-08-01,2.95,3.18,2.71,2.89,102400,2.873733
VVAR3.SA,2016-09-01,2.89,3.1,2.72,3.09,20800,3.072607
VVAR3.SA,2016-10-01,3,4.37,2.98,3.75,421900,3.731532
VVAR3.SA,2016-11-01,3.8,4.4,3.2,3.63,354300,3.612123
VVAR3.SA,2016-12-01,3.63,3.75,3.22,3.6,325700,3.582271
VVAR3.SA,2017-01-01,3.75,3.97,3.13,3.25,360600,3.233994
VVAR3.SA,2017-02-01,3.25,4.15,3.18,4.04,447500,4.020104
VVAR3.SA,2017-03-01,4.07,4.4,3.55,3.64,322700,3.622074
VVAR3.SA,2017-04-01,3.64,4.5,3.6,4.5,125700,4.477839
VVAR3.SA,2017-05-01,4.5,5.32,3.52,3.69,221400,3.671828
VVAR3.SA,2017-06-01,3.7,4.18,3.7,4.02,95500,4.000203
VVAR3.SA,2017-07-01,4.1,6.18,4.07,5.86,280900,5.831141
VVAR3.SA,2017-08-01,5.81,6.85,5.52,6.7,284200,6.667004
VVAR3.SA,2017-09-01,6.8,7.91,6.7,7.84,844900,7.80139
VVAR3.SA,2017-10-01,7.89,8.6,7.15,7.6,790000,7.562572
VVAR3.SA,2017-11-01,7.78,8.02,6.21,7.36,336600,7.323754
VVAR3.SA,2017-12-01,7.5,7.94,7.03,7.93,293100,7.890947
VVAR3.SA,2018-01-01,7.93,8.89,7.37,8.1,467200,8.088036
VVAR3.SA,2018-02-01,8.28,8.35,7.35,7.88,295300,7.868361
VVAR3.SA,2018-03-01,7.88,8.59,7.43,8.15,286300,8.137961
VVAR3.SA,2018-04-01,8.21,8.7,7.65,8.11,426000,8.098021
VVAR3.SA,2018-05-01,8.11,8.18,6,6.5,326200,6.5
VVAR3.SA,2018-06-01,6.68,7.16,5.6,5.89,171900,5.89
VVAR3.SA,2018-07-01,5.71,7.31,5.26,7.15,542500,7.15
VVAR3.SA,2018-08-01,7.48,8.41,5.64,5.7,720500,5.7
VVAR3.SA,2018-09-01,6,6,4.29,5.06,2204900,5.06
VVAR3.SA,2018-10-01,5.15,5.8,4.26,5.6,3883100,5.6
VVAR3.SA,2018-11-01,5.61,5.7,4.76,5.18,36557300,5.18
VVAR3.SA,2018-12-01,5.21,5.29,4.14,4.39,196515400,4.39
VVAR3.SA,2019-01-01,4.39,6.03,3.86,6,417881400,6
VVAR3.SA,2019-02-01,6,6.16,4.36,4.58,472138200,4.58
VVAR3.SA,2019-03-01,4.64,4.88,4.01,4.22,207564900,4.22
VVAR3.SA,2019-04-01,4.29,4.68,3.8,4.1,275861800,4.1
VVAR3.SA,2019-05-01,4.1,4.92,3.97,4.7,447005100,4.7
VVAR3.SA,2019-06-01,4.9,5.23,4.62,5.07,981825500,5.07
VVAR3.SA,2019-07-01,5.1,7.87,5.05,7.72,1011795800,7.72
VVAR3.SA,2019-08-01,7.85,8.66,6.32,7.73,851713000,7.73
VVAR3.SA,2019-09-01,7.6,7.98,6.6,7.92,528834800,7.92
VVAR3.SA,2019-10-01,7.95,8.06,7.23,7.42,505714300,7.42
VVAR3.SA,2019-11-01,7.46,8.96,6.44,8.81,621547200,8.81
VVAR3.SA,2019-12-01,9.17,12.03,8.97,11.17,999312900,11.17
VVAR3.SA,2020-01-01,11.17,15.43,11.17,14,1018774900,14
VVAR3.SA,2020-02-01,14.25,16.639999,13.03,13.81,765910400,13.81
VVAR3.SA,2020-03-01,14,15.14,4.11,5.28,2078091400,5.28
VVAR3.SA,2020-04-01,4.66,9.81,3.96,9.18,2632985500,9.18
VVAR3.SA,2020-05-01,9.18,12.9,8.14,12.4,2686347300,12.4
VVAR3.SA,2020-06-01,12.31,16.66,12.24,15.31,2041929700,15.31
VVAR3.SA,2020-07-01,15.65,22.360001,15.11,19.52,2143018200,19.52
VVAR3.SA,2020-08-01,19.889999,21.15,17.34,20.5,1932991900,20.5
VVAR3.SA,2020-09-01,20.67,20.76,16.65,17.35,1329775400,17.35
VVAR3.SA,2020-10-01,17.4,20.48,16.549999,17.16,1118557000,17.16
VVAR3.SA,2020-11-01,17.16,19.9,16.870001,17.75,1137849600,17.75
VVAR3.SA,2020-12-01,18,18.139999,14.71,16.16,811946400,16.16
VVAR3.SA,2021-01-01,16.16,16.77,13.88,14.69,932091100,14.69
VVAR3.SA,2021-02-01,14.95,15.48,11.75,11.87,769848800,11.87
VVAR3.SA,2021-03-01,12.06,12.6,10.95,12.07,1228489400,12.07
VVAR3.SA,2021-04-01,12.1,13.45,11.83,11.83,846803800,11.83
VVAR3.SA,2021-05-01,11.95,13.07,11.61,12.98,708285800,12.98
LAME4.SA,2012-05-01,9.313199,9.952589,7.454475,8.07236,94322737,7.624121
LAME4.SA,2012-06-01,7.932837,8.803191,7.680369,8.803191,53771727,8.31437
LAME4.SA,2012-07-01,8.6836,10.112043,8.457707,9.673544,48950325,9.136393
LAME4.SA,2012-08-01,9.673544,10.331292,9.268265,9.759915,75981513,9.21797
LAME4.SA,2012-09-01,9.733339,10.902669,9.520734,10.543897,65670279,9.958417
LAME4.SA,2012-10-01,10.477458,12.105218,10.437595,11.307948,45514099,10.699188
LAME4.SA,2012-11-01,11.307948,11.307948,11.307948,11.307948,0,10.699188
LAME4.SA,2012-12-01,11.307948,11.307948,11.307948,11.307948,0,10.699188
LAME4.SA,2013-01-01,11.307948,11.307948,11.307948,11.307948,0,10.699188
LAME4.SA,2013-02-01,11.307948,11.307948,11.307948,11.307948,0,10.706492
LAME4.SA,2013-03-01,11.307948,12.756322,11.201645,11.527197,55324274,10.91408
LAME4.SA,2013-04-01,11.540485,12.078642,10.98904,11.779666,65390623,11.194087
LAME4.SA,2013-05-01,11.779666,12.071998,11.115274,11.493977,59184796,10.922602
LAME4.SA,2013-06-01,11.434182,11.533841,9.48087,10.324648,87239932,9.811399
LAME4.SA,2013-07-01,10.258209,10.789722,9.620393,10.570473,61391777,10.045005
LAME4.SA,2013-08-01,10.623624,10.962464,9.587173,10.058891,84510664,9.558855
LAME4.SA,2013-09-01,10.098755,11.899256,10.052247,10.816298,65366690,10.27861
LAME4.SA,2013-10-01,10.929244,11.812886,10.709995,11.015615,54051379,10.486519
LAME4.SA,2013-11-01,11.048835,11.128562,9.945945,10.563829,66446024,10.056432
LAME4.SA,2013-12-01,10.484102,10.690063,10.012384,10.450882,51508907,9.94891
LAME4.SA,2014-01-01,10.450882,10.557185,9.534022,9.766559,66542350,9.297456
LAME4.SA,2014-02-01,9.739983,9.839642,9.062304,9.613749,43807575,9.160287
LAME4.SA,2014-03-01,9.613749,11.168425,9.294841,11.115274,57186428,10.590988
LAME4.SA,2014-04-01,11.095342,11.859393,10.922601,11.274728,55137186,10.744959
LAME4.SA,2014-05-01,11.274728,11.693295,10.962464,11.037208,45114813,10.518602
LAME4.SA,2014-06-01,10.88772,12.282943,10.88772,11.709905,43814378,11.15969
LAME4.SA,2014-07-01,11.792954,12.664968,11.29466,12.000576,42729835,11.436704
LAME4.SA,2014-08-01,11.959052,13.213091,11.817868,13.213091,40296454,12.592244
LAME4.SA,2014-09-01,13.246311,13.32936,11.469063,11.535502,55682195,10.993482
LAME4.SA,2014-10-01,11.369404,12.374297,10.190109,12.141759,91743808,11.594151
LAME4.SA,2014-11-01,12.12515,14.575094,11.593636,14.101715,59735587,13.465712
LAME4.SA,2014-12-01,13.835959,14.483741,12.241418,14.317643,123465641,13.671901
LAME4.SA,2015-01-01,14.317643,14.350862,12.51548,13.038688,56534943,12.450628
LAME4.SA,2015-02-01,12.988859,14.267813,12.316162,13.711385,38802757,13.105824
LAME4.SA,2015-03-01,13.852568,14.259508,12.623443,13.661556,58040681,13.058194
LAME4.SA,2015-04-01,13.835959,14.849156,13.644946,13.960532,49015649,13.387875
LAME4.SA,2015-05-01,13.927312,15.197962,13.379189,13.520372,65634277,12.965771
LAME4.SA,2015-06-01,13.379189,14.558485,13.29614,14.367472,55911578,13.77812
LAME4.SA,2015-07-01,14.450521,15.413889,13.968837,14.234594,45987431,13.650694
LAME4.SA,2015-08-01,14.176459,14.309338,11.826173,13.536982,65957097,12.981695
LAME4.SA,2015-09-01,13.163262,14.400692,12.224808,13.453933,64177183,12.902055
LAME4.SA,2015-10-01,13.545287,15.571682,13.254616,13.877483,67822981,13.346162
LAME4.SA,2015-11-01,13.877483,15.937098,13.844263,14.317643,54125043,13.769471
LAME4.SA,2015-12-01,14.525265,17.141308,14.15985,16.1115,52310810,15.494649
LAME4.SA,2016-01-01,16.1115,16.1115,14.259508,15.480328,45256541,14.887642
LAME4.SA,2016-02-01,15.29762,16.842331,13.885788,16.51844,39519443,15.915887
LAME4.SA,2016-03-01,16.609795,19.225838,15.986927,16.58322,56532395,15.978306
LAME4.SA,2016-04-01,16.732706,16.732706,14.310999,15.9753,28410235,15.405767
LAME4.SA,2016-05-01,15.9753,16.324106,13.07523,15.317552,52697711,14.771467
LAME4.SA,2016-06-01,15.447109,16.14472,13.75291,16.025129,47613361,15.453818
LAME4.SA,2016-07-01,16.14472,19.283972,16.045061,19.084654,45275484,18.404268
LAME4.SA,2016-08-01,19.433458,20.509773,18.117964,19.164381,55032476,18.523022
LAME4.SA,2016-09-01,19.204245,20.888477,18.4867,20.121105,40543638,19.447725
LAME4.SA,2016-10-01,20.031412,21.566156,19.901855,20.629366,33265704,19.938976
LAME4.SA,2016-11-01,20.798784,20.798784,15.536801,16.324106,47644668,15.794054
LAME4.SA,2016-12-01,16.344038,17.410385,14.958781,16.94199,55363005,16.391876
LAME4.SA,2017-01-01,16.792501,18.337214,16.244379,16.672911,58736718,16.131533
LAME4.SA,2017-02-01,16.822399,17.440285,16.074959,16.344038,117821235,15.836334
LAME4.SA,2017-03-01,16.443695,17.231001,15.148132,16.304174,140327228,15.797709
LAME4.SA,2017-04-01,16.344038,16.792501,15.486972,16.782536,69602095,16.261208
LAME4.SA,2017-05-01,16.782536,18.237555,13.41407,14.55018,193792271,14.098199
LAME4.SA,2017-06-01,14.55018,14.749497,13.154957,13.952227,90208811,13.518819
LAME4.SA,2017-07-01,14.002056,15.646426,13.653251,15.616529,99677118,15.131422
LAME4.SA,2017-08-01,15.626494,17.988407,14.869088,17.709364,105272613,17.159246
LAME4.SA,2017-09-01,17.759192,20.290525,17.619671,19.184313,101857159,18.588377
LAME4.SA,2017-10-01,19.333801,20.719057,16.981853,17.520012,113235687,16.975777
LAME4.SA,2017-11-01,17.559874,17.709364,14.739531,14.779395,133372199,14.320292
LAME4.SA,2017-12-01,14.649838,17.201103,14.50035,16.991819,81470998,16.463993
LAME4.SA,2018-01-01,16.991819,17.221035,15.247791,16.842331,144434946,16.319147
LAME4.SA,2018-02-01,16.94199,17.191137,15.108269,16.822399,111731353,16.37566
LAME4.SA,2018-03-01,16.981853,18.815575,16.184584,18.775711,130498793,18.2771
LAME4.SA,2018-04-01,18.666086,19.911821,17.510044,19.881924,103550035,19.353937
LAME4.SA,2018-05-01,19.881924,20.5895,16.872229,17.709364,95877960,17.239073
LAME4.SA,2018-06-01,17.699396,18.357145,14.012022,16.613115,99649326,16.171934
LAME4.SA,2018-07-01,16.573254,18.815575,16.174618,18.0781,68255297,17.598015
LAME4.SA,2018-08-01,18.0781,19.174347,15.078371,15.546767,98658440,15.133904
LAME4.SA,2018-09-01,15.357416,16.025129,14.181442,15.815846,79948300,15.395839
LAME4.SA,2018-10-01,15.815846,18.735847,15.168064,18.735847,114263093,18.238297
LAME4.SA,2018-11-01,18.715916,19.931753,16.842331,19.642742,102042391,19.121107
LAME4.SA,2018-12-01,19.921787,20.06131,18.755779,19.632776,83994809,19.111404
LAME4.SA,2019-01-01,19.632776,20.998102,19.04479,20.998102,100104977,20.440474
LAME4.SA,2019-02-01,20.878511,21.24725,18.905268,19.84206,99958480,19.389961
LAME4.SA,2019-03-01,19.832094,20.360287,15.267723,16.712774,141576797,16.331974
LAME4.SA,2019-04-01,16.832365,17.131342,14.619941,15.666358,150275176,15.309402
LAME4.SA,2019-05-01,15.666358,16.473595,14.530248,16.084925,123380704,15.718433
LAME4.SA,2019-06-01,16.14472,16.742674,15.257757,16.413799,64484734,16.039814
LAME4.SA,2019-07-01,16.543356,18.187725,15.566699,18.088066,97348772,17.675934
LAME4.SA,2019-08-01,18.237555,19.393597,16.354004,18.666086,136378051,18.240782
LAME4.SA,2019-09-01,18.666086,20.101173,17.669498,19.89189,82196270,19.438658
LAME4.SA,2019-10-01,19.911821,21.516329,18.775711,19.921787,85360567,19.467871
LAME4.SA,2019-11-01,19.852026,22.243837,19.04479,22.203974,89997192,21.698059
LAME4.SA,2019-12-01,22.194008,27.09,22.004656,25.91,111969352,25.319647
LAME4.SA,2020-01-01,25.91,29.32,25.5,27.549999,134085600,27.302166
LAME4.SA,2020-02-01,27.549999,29.334114,24.205633,26.54039,116661856,26.316219
LAME4.SA,2020-03-01,26.440615,28.246557,14.357752,17.959661,258586973,17.807966
LAME4.SA,2020-04-01,17.500692,26.081421,16.85215,24.824244,186379059,24.614569
LAME4.SA,2020-05-01,24.824244,29.034786,23.746664,28.186691,210659670,27.948616
LAME4.SA,2020-06-01,28.486019,33.923805,27.927275,32.107883,220025960,31.836687
LAME4.SA,2020-07-01,32.526943,36.797352,30.770887,34.023582,321376484,33.736206
LAME4.SA,2020-08-01,34.173244,36.088943,31.529184,32.197685,198482582,31.925732
LAME4.SA,2020-09-01,32.42717,33.055756,27.558104,28.326378,157959373,28.087122
LAME4.SA,2020-10-01,28.296446,29.384003,22.619198,23.177942,182586460,22.982172
LAME4.SA,2020-11-01,23.177942,25.941734,22.878614,22.878614,180767582,22.685373
LAME4.SA,2020-12-01,23.447336,26.74992,22.808771,26.231085,225838587,26.009527
LAME4.SA,2021-01-01,26.231085,26.550367,22.969999,24.09,172186651,23.886526
LAME4.SA,2021-02-01,24.33,29.26,23.629999,24.91,245064300,24.91
LAME4.SA,2021-03-01,25.27,25.68,20.91,22.360001,304193300,22.360001
LAME4.SA,2021-04-01,22.370001,24.41,20.639999,20.860001,260399100,20.860001
LAME4.SA,2021-05-01,20.879999,21.629999,18.280001,19.889999,225237400,19.889999
ENBR3.SA,2012-05-01,13.14339,13.60681,12.068649,12.719409,33457266,7.930786
ENBR3.SA,2012-06-01,12.620809,12.867309,12.216549,12.709549,27683742,7.924637
ENBR3.SA,2012-07-01,12.699689,13.69555,12.246129,13.36031,30891040,8.3304
ENBR3.SA,2012-08-01,13.36031,13.62653,12.315149,12.679969,20445718,7.906192
ENBR3.SA,2012-09-01,12.739129,13.39975,11.496768,12.689829,44142653,7.912341
ENBR3.SA,2012-10-01,12.679969,12.719409,11.841869,12.522209,36944385,7.807827
ENBR3.SA,2012-11-01,12.512349,12.857449,11.536208,11.950329,33145400,7.451249
ENBR3.SA,2012-12-01,11.999629,13.00535,11.753129,12.315149,40862436,7.678723
ENBR3.SA,2013-01-01,12.315149,12.818009,11.112228,12.019349,64757951,7.665046
ENBR3.SA,2013-02-01,11.940469,12.325009,11.358728,11.841869,28297840,7.551863
ENBR3.SA,2013-03-01,11.713689,13.12367,11.565788,12.571509,42157460,8.017174
ENBR3.SA,2013-04-01,12.315149,12.896889,11.329148,12.117949,43443870,7.727926
ENBR3.SA,2013-05-01,12.117949,13.07437,11.555928,12.394029,40072472,7.966106
ENBR3.SA,2013-06-01,12.561649,12.571509,9.899447,11.171388,46495595,7.180267
ENBR3.SA,2013-07-01,10.984048,11.822149,10.471328,11.644668,39915984,7.484463
ENBR3.SA,2013-08-01,11.733409,11.733409,10.283987,10.599508,49285549,6.8127
ENBR3.SA,2013-09-01,10.629088,11.891169,10.461468,11.891169,34629375,7.642898
ENBR3.SA,2013-10-01,11.920749,12.778569,11.555928,12.492629,34499455,8.029479
ENBR3.SA,2013-11-01,12.591229,12.709549,11.398168,11.782709,31267209,7.573188
ENBR3.SA,2013-12-01,11.723549,12.078509,10.924888,11.191108,42074907,7.192942
ENBR3.SA,2014-01-01,11.191108,11.486908,8.992326,9.514907,46241129,6.149871
ENBR3.SA,2014-02-01,9.426167,9.800847,8.252826,8.804986,61087770,5.69102
ENBR3.SA,2014-03-01,8.804986,10.165667,8.026046,10.155807,54478446,6.56411
ENBR3.SA,2014-04-01,10.214967,10.688248,9.268407,9.445887,51788694,6.105259
ENBR3.SA,2014-05-01,9.445887,10.530488,8.844426,9.258547,52957962,6.502556
ENBR3.SA,2014-06-01,9.120507,11.112228,9.012046,10.698108,29056865,7.513603
ENBR3.SA,2014-07-01,10.776988,11.585508,10.205107,10.451608,22731716,7.340479
ENBR3.SA,2014-08-01,10.382588,11.516488,10.313567,11.161528,21921777,7.839077
ENBR3.SA,2014-09-01,11.062928,11.269988,9.455747,9.860007,35925822,6.92498
ENBR3.SA,2014-10-01,9.672667,10.688248,8.696526,9.534627,46325817,6.696456
ENBR3.SA,2014-11-01,9.593787,10.254407,8.686666,9.938887,24972588,6.980379
ENBR3.SA,2014-12-01,9.751547,9.948747,8.400726,8.844426,68701971,6.211706
ENBR3.SA,2015-01-01,8.844426,9.169807,8.164086,8.450026,40318922,6.12016
ENBR3.SA,2015-02-01,8.578206,9.347287,7.769685,8.874006,41049960,6.427239
ENBR3.SA,2015-03-01,8.893726,10.461468,8.035906,10.175527,51484330,7.3699
ENBR3.SA,2015-04-01,10.362868,11.496768,10.293847,11.289708,27863863,8.176877
ENBR3.SA,2015-05-01,11.289708,11.871449,10.353007,10.353007,35164264,7.590935
ENBR3.SA,2015-06-01,10.372728,11.536208,10.224827,11.348868,34262643,8.321113
ENBR3.SA,2015-07-01,11.408028,13.01521,11.191108,12.867309,43526937,9.434448
ENBR3.SA,2015-08-01,12.867309,13.19269,10.658668,11.053068,44044781,8.104229
ENBR3.SA,2015-09-01,10.776988,12.305289,10.609368,11.319288,45319222,8.299425
ENBR3.SA,2015-10-01,11.388308,11.999629,10.944608,11.122088,39555537,8.154834
ENBR3.SA,2015-11-01,11.122088,12.758849,11.122088,11.703829,44130790,8.581372
ENBR3.SA,2015-12-01,11.634808,12.660249,11.555928,11.871449,32369335,8.704272
ENBR3.SA,2016-01-01,11.871449,11.999629,10.293847,11.950329,35980286,8.784495
ENBR3.SA,2016-02-01,12.719409,13.00535,11.644668,12.551789,39021155,9.22662
ENBR3.SA,2016-03-01,12.719409,13.41947,12.285569,12.443329,59252884,9.146892
ENBR3.SA,2016-04-01,12.325009,12.689829,11.605228,12.620809,24078063,9.277355
ENBR3.SA,2016-05-01,12.670109,12.99,11.79,12.21,71126924,9.426323
ENBR3.SA,2016-06-01,12.26,13.64,12.04,13.62,67038400,10.514866
ENBR3.SA,2016-07-01,13.76,15.1,13.44,14.38,50606000,11.1016
ENBR3.SA,2016-08-01,14.39,14.76,13.38,14.3,42831000,11.03984
ENBR3.SA,2016-09-01,14.26,14.98,13.61,14.38,38402900,11.1016
ENBR3.SA,2016-10-01,14.35,15.82,14.2,15.35,40311600,11.850456
ENBR3.SA,2016-11-01,15.76,15.8,13.47,14.18,45944600,10.947197
ENBR3.SA,2016-12-01,13.97,14.15,12.98,13.4,34852300,10.345022
ENBR3.SA,2017-01-01,13.37,14.18,13.03,14.05,29130000,11.29036
ENBR3.SA,2017-02-01,14.11,14.36,13.4,13.73,28042000,11.033214
ENBR3.SA,2017-03-01,13.87,14.14,13.07,13.95,41252700,11.210003
ENBR3.SA,2017-04-01,14.02,14.19,12.9,13.42,31776200,10.784101
ENBR3.SA,2017-05-01,13.42,13.87,12.07,13.34,42314200,10.719815
ENBR3.SA,2017-06-01,13.4,14.19,13.2,14.19,37871500,11.402862
ENBR3.SA,2017-07-01,14.16,14.78,13.98,14.37,30824700,11.547508
ENBR3.SA,2017-08-01,14.39,15.24,14.15,15.24,32808400,12.246627
ENBR3.SA,2017-09-01,15.25,16.15,14.94,15.14,30473500,12.166269
ENBR3.SA,2017-10-01,15.1,15.85,14.36,14.4,36973600,11.571614
ENBR3.SA,2017-11-01,14.49,14.94,13.8,13.8,45571200,11.089465
ENBR3.SA,2017-12-01,13.79,14.12,13.23,14,34433600,11.250181
ENBR3.SA,2018-01-01,14,14.2,13.34,13.71,30748100,11.11613
ENBR3.SA,2018-02-01,13.85,14.06,12.82,13.3,35600300,10.783701
ENBR3.SA,2018-03-01,13.41,14,13.04,13.31,33394700,10.791809
ENBR3.SA,2018-04-01,13.22,14.35,12.97,13.89,42127700,11.262076
ENBR3.SA,2018-05-01,13.89,15.6,12.83,13.22,88833800,11.543562
ENBR3.SA,2018-06-01,13.39,14.55,12.29,13.87,69478000,12.111135
ENBR3.SA,2018-07-01,13.74,14.48,13.26,13.65,41656400,11.919032
ENBR3.SA,2018-08-01,13.58,14.22,13.2,13.41,51664400,11.709467
ENBR3.SA,2018-09-01,13.31,13.47,12.48,12.79,50043600,11.168089
ENBR3.SA,2018-10-01,12.71,14.6,12.53,14,76905300,12.224648
ENBR3.SA,2018-11-01,14.3,14.31,13.14,13.69,118839000,11.95396
ENBR3.SA,2018-12-01,13.98,14.85,13.63,14.75,51189900,12.879541
ENBR3.SA,2019-01-01,14.75,17.120001,13.98,16.790001,72886900,14.660848
ENBR3.SA,2019-02-01,17.030001,19.32,16.83,17.299999,73100000,15.886071
ENBR3.SA,2019-03-01,17.5,18.200001,16.52,16.98,57485700,15.592225
ENBR3.SA,2019-04-01,17.18,18,16.379999,17.51,55608500,16.078909
ENBR3.SA,2019-05-01,17.51,19.860001,16.85,19.84,51236200,18.284374
ENBR3.SA,2019-06-01,19.889999,21.08,18.18,18.9,57686100,17.418077
ENBR3.SA,2019-07-01,19.18,20.139999,18.530001,19.290001,52381500,17.7775
ENBR3.SA,2019-08-01,19.4,20.790001,19.01,20.1,70357200,18.523989
ENBR3.SA,2019-09-01,20,20.360001,18.76,19.6,34684600,18.063192
ENBR3.SA,2019-10-01,19.700001,19.700001,18.01,18.969999,57300700,17.482588
ENBR3.SA,2019-11-01,18.98,20,18.49,19.889999,48141700,18.330452
ENBR3.SA,2019-12-01,19.889999,22.120001,19.719999,22.1,57775100,20.367168
ENBR3.SA,2020-01-01,22.1,23.32,21.4,22.35,67306900,20.597569
ENBR3.SA,2020-02-01,22.379999,23.18,19.41,20.43,58416700,19.166523
ENBR3.SA,2020-03-01,20.43,21.809999,13.19,16.280001,110186600,15.273178
ENBR3.SA,2020-04-01,15.4,17.84,14.5,17,62990100,15.94865
ENBR3.SA,2020-05-01,17,17.9,14.82,17.67,59427400,16.777411
ENBR3.SA,2020-06-01,17.709999,18.77,17.209999,17.42,48250100,16.540041
ENBR3.SA,2020-07-01,17.5,18.940001,17.41,18.559999,57133700,17.622454
ENBR3.SA,2020-08-01,18.639999,18.92,16.93,18.690001,57375600,17.745888
ENBR3.SA,2020-09-01,18.77,19.73,17.309999,17.41,67216300,16.530546
ENBR3.SA,2020-10-01,17.540001,18.370001,16.99,17,73045000,16.141256
ENBR3.SA,2020-11-01,17,19.299999,17,18.549999,61380300,17.612959
ENBR3.SA,2020-12-01,18.73,20.17,18.549999,19.65,53738100,18.657394
ENBR3.SA,2021-01-01,19.65,20.65,18.51,19.290001,55470300,18.31558
ENBR3.SA,2021-02-01,19.540001,20.200001,17.809999,18.01,51510900,17.34071
ENBR3.SA,2021-03-01,18.24,19.940001,17.110001,19.790001,83406500,19.054562
ENBR3.SA,2021-04-01,19.82,20.059999,18.540001,18.790001,65596900,18.091722
ENBR3.SA,2021-05-01,18.790001,19.26,18.110001,18.65,76294500,18.65
EGIE3.SA,2012-05-01,26.280001,28.488001,25.656,26.76,23166250,15.211282
EGIE3.SA,2012-06-01,26.752001,30.408001,26.4,29.719999,16888500,16.893848
EGIE3.SA,2012-07-01,29.799999,30.128,27.808001,29.24,18329375,16.620995
EGIE3.SA,2012-08-01,29.368,29.576,26.752001,27.007999,13153000,15.352252
EGIE3.SA,2012-09-01,27.16,28.120001,23.375999,25.6,19655125,14.985771
EGIE3.SA,2012-10-01,25.768,28.799999,25.208,28,19193375,16.390688
EGIE3.SA,2012-11-01,28.136,29.392,25.992001,27.879999,14837125,16.320442
EGIE3.SA,2012-12-01,27.872,27.872,26,26.68,13966625,15.815332
EGIE3.SA,2013-01-01,26.68,29.648001,25.200001,28.312,22596750,16.782745
EGIE3.SA,2013-02-01,28.304001,28.632,26.808001,28,15931875,16.597795
EGIE3.SA,2013-03-01,27.848,28.584,26.232,27.648001,18253125,16.811256
EGIE3.SA,2013-04-01,27.912001,29.664,27.096001,28.52,16514625,17.341473
EGIE3.SA,2013-05-01,28.52,30.704,28.056,29.559999,19177625,17.973837
EGIE3.SA,2013-06-01,29.576,29.84,25.280001,27.736,22611625,16.864759
EGIE3.SA,2013-07-01,26.808001,29.312,26.736,29.120001,14268000,17.706301
EGIE3.SA,2013-08-01,29.112,29.927999,26.823999,27.312,15326500,16.606951
EGIE3.SA,2013-09-01,27.360001,30.504,27.184,29.304001,15095250,18.42808
EGIE3.SA,2013-10-01,29.48,30.856001,28.84,30.48,11776000,19.167622
EGIE3.SA,2013-11-01,30.76,32.919998,29.992001,30.591999,13726125,19.23805
EGIE3.SA,2013-12-01,30.568001,31.312,28.664,28.752001,13438250,18.259512
EGIE3.SA,2014-01-01,28.752001,30.799999,26.832001,27.6,21916375,17.527914
EGIE3.SA,2014-02-01,27.552,28.464001,25.68,26.559999,24441500,16.867439
EGIE3.SA,2014-03-01,26.559999,28.976,24.704,28.08,22360750,17.832747
EGIE3.SA,2014-04-01,28.368,29.072001,25.200001,26.528,21041750,16.84712
EGIE3.SA,2014-05-01,26.528,27.896,26.08,26.656,19224125,16.928408
EGIE3.SA,2014-06-01,26.624001,28.648001,26.256001,26.4,16814125,16.765831
EGIE3.SA,2014-07-01,26.384001,28.639999,26.128,27.191999,17259875,17.268805
EGIE3.SA,2014-08-01,27.200001,31.504,26.639999,30.440001,19040625,19.331512
EGIE3.SA,2014-09-01,30.312,30.639999,27.304001,27.528,19235375,17.482191
EGIE3.SA,2014-10-01,27.232,29.431999,24.120001,27,34493000,17.489157
EGIE3.SA,2014-11-01,27.271999,28.16,25.743999,27.528,18339750,17.831171
EGIE3.SA,2014-12-01,27.823999,27.936001,25.063999,27.063999,82883471,18.017918
EGIE3.SA,2015-01-01,27.063999,27.688,24.208,24.912001,21175500,16.585218
EGIE3.SA,2015-02-01,24.912001,26.983999,23.528,26.719999,15972000,17.788897
EGIE3.SA,2015-03-01,26.816,29.040001,25.200001,28.24,18181875,18.800842
EGIE3.SA,2015-04-01,28.632,29.816,27.615999,28.559999,16426375,19.013882
EGIE3.SA,2015-05-01,28.559999,30.375999,27.056,27.08,21412875,18.028572
EGIE3.SA,2015-06-01,27.128,28.448,26.496,27.351999,19584750,18.341045
EGIE3.SA,2015-07-01,27.440001,29.927999,26.976,29,24290750,19.446121
EGIE3.SA,2015-08-01,28.84,29.448,24.823999,26.832001,22363375,17.992355
EGIE3.SA,2015-09-01,26.120001,28.288,24.992001,27.007999,25681875,18.364214
EGIE3.SA,2015-10-01,27.056,28.08,25.832001,27.096001,22011375,18.424049
EGIE3.SA,2015-11-01,27.096001,29.983999,26.528,26.768,24764250,18.201023
EGIE3.SA,2015-12-01,26.584,28.304001,25.872,26.792,22488125,18.461321
EGIE3.SA,2016-01-01,26.792,27.072001,23.544001,27.072001,22779625,18.654261
EGIE3.SA,2016-02-01,26.4,28.624001,26.176001,28.24,23738625,19.45908
EGIE3.SA,2016-03-01,28.472,30.792,27.952,29.344,36737250,20.219807
EGIE3.SA,2016-04-01,28.976,31.264,28.104,30.52,14444500,21.030138
EGIE3.SA,2016-05-01,30.408001,30.632,28.200001,28.384001,21878875,19.558304
EGIE3.SA,2016-06-01,28.24,31,27.983999,30.648001,21982250,21.301386
EGIE3.SA,2016-07-01,30.775999,34.287998,30.280001,33.768002,25287250,23.469887
EGIE3.SA,2016-08-01,33.759998,35.119999,30.608,31.200001,20162000,21.685043
EGIE3.SA,2016-09-01,31.280001,32.751999,30.799999,30.799999,18249000,21.913101
EGIE3.SA,2016-10-01,30.799999,32.967999,30.511999,32.439999,23509000,23.079901
EGIE3.SA,2016-11-01,32.464001,32.919998,27.816,28.68,22284250,20.404793
EGIE3.SA,2016-12-01,28.528,28.736,26.608,28,19782750,20.284046
EGIE3.SA,2017-01-01,28.016001,29.336,27.528,28.639999,18659625,20.747683
EGIE3.SA,2017-02-01,28.879999,30.511999,28.104,29.584,20470250,21.431547
EGIE3.SA,2017-03-01,29.832001,30.087999,28.08,28.296,23861250,20.498478
EGIE3.SA,2017-04-01,28.288,28.768,27.200001,27.200001,15551125,19.704504
EGIE3.SA,2017-05-01,27.200001,28.072001,24.24,26.535999,28698500,19.223478
EGIE3.SA,2017-06-01,26.535999,28.288,26.304001,27.136,28095125,20.030941
EGIE3.SA,2017-07-01,27.327999,28.472,27.007999,28,18497750,20.66872
EGIE3.SA,2017-08-01,28.136,29.327999,26.879999,28.879999,23534875,21.318308
EGIE3.SA,2017-09-01,28.808001,30.416,28.511999,29,28475625,22.303268
EGIE3.SA,2017-10-01,29.08,30.68,28.408001,28.639999,24796875,22.026402
EGIE3.SA,2017-11-01,28.872,30.392,28.032,28.344,20007875,21.798758
EGIE3.SA,2017-12-01,28.344,28.92,27.48,28.408001,17605750,22.231369
EGIE3.SA,2018-01-01,28.408001,29.799999,27.799999,28.752001,21139250,22.500576
EGIE3.SA,2018-02-01,29.360001,32.112,27.76,31.32,27107125,24.510227
EGIE3.SA,2018-03-01,31.312,32.152,30.304001,31.327999,24127125,24.516485
EGIE3.SA,2018-04-01,31.368,31.431999,29.007999,29.591999,26096000,23.157934
EGIE3.SA,2018-05-01,29.591999,31.256001,28.528,29.591999,29597500,23.77985
EGIE3.SA,2018-06-01,29.672001,30.375999,26.52,27.384001,26484875,22.005527
EGIE3.SA,2018-07-01,27.360001,30.336,27.136,29.912001,17689750,24.036997
EGIE3.SA,2018-08-01,29.992001,31.608,28.016001,29.52,28312125,23.721992
EGIE3.SA,2018-09-01,29.24,30.063999,28.200001,28.384001,19175500,23.934198
EGIE3.SA,2018-10-01,28.455999,32.007999,28.216,31.84,33792000,26.848398
EGIE3.SA,2018-11-01,32.167999,35.279999,31.584,34.408001,29553250,29.013807
EGIE3.SA,2018-12-01,34.888,37.015999,32.509998,33.02,28165693,28.532602
EGIE3.SA,2019-01-01,33.02,44.080002,33.02,41.849998,32530400,36.703445
EGIE3.SA,2019-02-01,41.889999,44.66,40.919998,41.16,29468400,36.603405
EGIE3.SA,2019-03-01,41.16,43.599998,39.41,42.709999,27712700,37.981804
EGIE3.SA,2019-04-01,43.32,45.549999,41.360001,44.490002,23763300,39.564754
EGIE3.SA,2019-05-01,44.490002,46.32,40.130001,46.32,32309300,41.192169
EGIE3.SA,2019-06-01,46.310001,47.540001,41.599998,43.470001,38978800,38.743046
EGIE3.SA,2019-07-01,43.950001,49.5,43.07,48.27,25036000,43.021095
EGIE3.SA,2019-08-01,48.869999,49.439999,42.369999,44.98,30641500,40.088844
EGIE3.SA,2019-09-01,45.299999,45.849998,43.299999,44.389999,21468900,39.563004
EGIE3.SA,2019-10-01,44.509998,45.470001,42.169998,45.259998,26435200,40.338402
EGIE3.SA,2019-11-01,45.52,47.5,44.02,46.77,26760800,41.6842
EGIE3.SA,2019-12-01,47.049999,51.720001,45.18,50.799999,25580000,45.275974
EGIE3.SA,2020-01-01,50.799999,54.330002,50.610001,52.049999,24838700,47.954918
EGIE3.SA,2020-02-01,52.130001,53.650002,44.98,47.529999,33753200,43.790539
EGIE3.SA,2020-03-01,47.93,50.880001,36.830002,38.919998,61108100,35.857933
EGIE3.SA,2020-04-01,37.900002,41.68,36.950001,39.119999,39429300,36.042194
EGIE3.SA,2020-05-01,39.119999,42.75,35.560001,42.41,40684700,40.236687
EGIE3.SA,2020-06-01,41.830002,44.68,41.439999,42.09,41716100,39.933083
EGIE3.SA,2020-07-01,42.259998,47.700001,42.200001,46.169998,49414600,43.803997
EGIE3.SA,2020-08-01,46.509998,46.830002,42.02,42.630001,36510100,40.445415
EGIE3.SA,2020-09-01,42.919998,45.459999,39.82,40.349998,30625600,38.98246
EGIE3.SA,2020-10-01,40.529999,42.299999,39.560001,39.889999,29904600,38.538052
EGIE3.SA,2020-11-01,39.889999,45.889999,39.470001,42.34,41358600,40.905018
EGIE3.SA,2020-12-01,42.59,46.110001,42.439999,43.939999,35188100,42.45079
EGIE3.SA,2021-01-01,43.939999,45.68,42.349998,42.959999,28528900,42.141674
EGIE3.SA,2021-02-01,43.52,46.599998,41.049999,41.150002,30828100,40.366158
EGIE3.SA,2021-03-01,41.259998,42.740002,38.310001,41.830002,49256300,41.033203
EGIE3.SA,2021-04-01,41.889999,42.470001,40.669998,40.669998,27025900,39.895294
EGIE3.SA,2021-05-01,40.860001,41.27,38.470001,39.790001,36996000,39.049583
ENGI11.SA,2012-05-01,9.630204,9.765207,9.630204,9.630204,3443,6.914145
ENGI11.SA,2012-06-01,9.630204,9.90021,9.630204,9.675205,8441,6.946454
ENGI11.SA,2012-07-01,9.675205,9.675205,9.225195,9.225195,3888,6.623363
ENGI11.SA,2012-08-01,9.225195,9.666205,9.225195,9.360198,183214,6.72029
ENGI11.SA,2012-09-01,9.360198,10.125214,9.360198,9.945211,77439,7.340839
ENGI11.SA,2012-10-01,9.945211,10.485222,9.945211,10.350219,44436,7.639786
ENGI11.SA,2012-11-01,10.350219,10.908231,10.035212,10.87223,49215,8.025098
ENGI11.SA,2012-12-01,10.87223,11.583245,10.87223,11.583245,199882,8.549918
ENGI11.SA,2013-01-01,11.583245,11.583245,11.250238,11.430242,18997,8.436981
ENGI11.SA,2013-02-01,11.457243,11.745249,10.800229,11.745249,5442,9.035914
ENGI11.SA,2013-03-01,11.745249,13.010564,11.664644,12.30271,4711,9.464782
ENGI11.SA,2013-04-01,12.30271,12.362529,12.193042,12.362529,8824,9.510804
ENGI11.SA,2013-05-01,12.362529,12.960716,12.362529,12.950746,400,9.963334
ENGI11.SA,2013-06-01,12.950746,13.957694,11.963737,11.983677,8722,9.342229
ENGI11.SA,2013-07-01,12.063435,12.462226,11.465248,12.222952,46734,9.52876
ENGI11.SA,2013-08-01,12.222952,12.611773,10.169177,12.212982,38712,9.520989
ENGI11.SA,2013-09-01,12.212982,12.462226,10.966759,11.216004,30188,8.834044
ENGI11.SA,2013-10-01,10.966759,12.412378,10.169177,12.163133,48843,9.580028
ENGI11.SA,2013-11-01,12.163133,12.462226,11.664644,11.764342,21363,9.2659300000000009
ENGI11.SA,2013-12-01,11.764342,12.462226,11.564946,11.764342,52855,9.2659300000000009
ENGI11.SA,2014-01-01,11.764342,12.561924,11.714493,11.963737,47941,9.422978
ENGI11.SA,2014-02-01,11.963737,11.963737,11.963737,11.963737,24072,9.422978
ENGI11.SA,2014-03-01,11.963737,11.963737,10.677636,10.677636,7422,8.707517
ENGI11.SA,2014-04-01,10.677636,12.960716,10.667666,12.960716,9224,10.569347
ENGI11.SA,2014-05-01,12.960716,12.960716,11.166155,11.166155,401,9.105901
ENGI11.SA,2014-06-01,11.465248,12.452257,10.767364,10.966759,6917,8.943294
ENGI11.SA,2014-07-01,10.966759,11.963737,9.969781,11.265853,14740,9.187201
ENGI11.SA,2014-08-01,11.305732,12.950746,11.166155,12.462226,42925,10.162833
ENGI11.SA,2014-09-01,12.462226,13.509054,12.462226,13.509054,52753,11.274855
ENGI11.SA,2014-10-01,13.509054,13.509054,12.561924,12.960716,15144,10.817204
ENGI11.SA,2014-11-01,12.960716,12.960716,12.960716,12.960716,0,10.817204
ENGI11.SA,2014-12-01,12.960716,13.708449,12.960716,13.708449,100,11.441276
ENGI11.SA,2015-01-01,13.708449,13.708449,10.966759,11.006638,25174,9.186304
ENGI11.SA,2015-02-01,11.465248,12.861018,11.166155,12.861018,21461,10.733995
ENGI11.SA,2015-03-01,12.861018,13.060413,11.963737,11.963737,5414,9.98511
ENGI11.SA,2015-04-01,11.963737,13.160111,11.963737,13.160111,27282,10.983624
ENGI11.SA,2015-05-01,13.160111,14.954672,12.960716,13.708449,4010,11.441276
ENGI11.SA,2015-06-01,13.708449,14.306636,13.558902,14.286697,11532,12.427581
ENGI11.SA,2015-07-01,13.608751,15.453161,13.459205,14.047422,53054,12.254505
ENGI11.SA,2015-08-01,13.758298,14.705427,13.309658,13.309658,14940,11.610904
ENGI11.SA,2015-09-01,13.309658,13.848026,12.960716,13.708449,6217,11.958797
ENGI11.SA,2015-10-01,13.708449,13.957694,13.359507,13.6586,255367,11.915308
ENGI11.SA,2015-11-01,13.6586,13.957694,13.459205,13.459205,17952,11.741364
ENGI11.SA,2015-12-01,13.708449,13.957694,13.459205,13.957694,75923,12.176229
ENGI11.SA,2016-01-01,13.957694,13.957694,12.960716,13.588812,95585,11.854429
ENGI11.SA,2016-02-01,13.957694,13.957694,12.960716,13.778238,27781,12.019679
ENGI11.SA,2016-03-01,12.960716,13.957694,12.960716,13.957694,6617,12.176229
ENGI11.SA,2016-04-01,13.957694,14.60573,13.957694,14.60573,32996,13.010809
ENGI11.SA,2016-05-01,14.60573,15.114188,13.160111,15.114188,12134,13.463744
ENGI11.SA,2016-06-01,15.253765,17.247723,15.253765,16.948627,36705,15.097866
ENGI11.SA,2016-07-01,16.948627,21.943489,16.948627,20.737144,27964995,18.472683
ENGI11.SA,2016-08-01,20.348324,22.362221,20.07914,20.896662,20731536,18.61478
ENGI11.SA,2016-09-01,20.757086,21.405121,20.029291,20.677326,10171326,18.515095
ENGI11.SA,2016-10-01,20.687296,22.581554,20.188807,22.31237,11234438,19.97916
ENGI11.SA,2016-11-01,22.731102,23.319319,18.932615,19.67038,10232410,17.613443
ENGI11.SA,2016-12-01,19.381254,19.819925,17.427177,18.523853,12818927,16.586809
ENGI11.SA,2017-01-01,18.932615,20.777023,18.244699,20.308445,15615077,18.184786
ENGI11.SA,2017-02-01,19.939564,23.27944,19.889713,22.531706,28978260,20.175558
ENGI11.SA,2017-03-01,22.621433,23.628382,21.514788,22.631405,15633735,20.523409
ENGI11.SA,2017-04-01,22.820829,23.229591,21.514788,22.681253,11987816,20.568613
ENGI11.SA,2017-05-01,22.681253,25.801794,19.839865,22.432009,22503194,20.342585
ENGI11.SA,2017-06-01,22.641373,24.106932,21.91358,23.807838,7716507,21.590265
ENGI11.SA,2017-07-01,23.807838,25.512671,22.950438,24.824757,6473852,22.512461
ENGI11.SA,2017-08-01,25.004211,25.901491,23.728081,24.695148,12722636,22.394926
ENGI11.SA,2017-09-01,24.834724,26.619316,24.754967,25.54258,9330886,23.427933
ENGI11.SA,2017-10-01,25.462822,25.981251,23.967354,24.6453,15459807,22.60494
ENGI11.SA,2017-11-01,24.924454,26.220526,23.409046,25.243486,7789330,23.153599
ENGI11.SA,2017-12-01,24.944393,27.556477,24.336235,27.217503,8172888,24.96419
ENGI11.SA,2018-01-01,27.217503,30.667048,25.6024,30.407833,25050088,27.890394
ENGI11.SA,2018-02-01,30.407833,33.777618,30.258287,32.90028,13846836,30.176491
ENGI11.SA,2018-03-01,32.521427,34.914173,32.481548,34.595142,37860801,31.731037
ENGI11.SA,2018-04-01,34.595142,34.964024,31.87339,33.029884,16786816,30.761452
ENGI11.SA,2018-05-01,33.029884,33.129585,29.380945,30.038952,12603676,27.975929
ENGI11.SA,2018-06-01,29.999071,33.009945,28.942274,29.161612,17558248,27.158844
ENGI11.SA,2018-07-01,28.962215,31.055868,28.962215,30.218409,29574858,28.143063
ENGI11.SA,2018-08-01,30.028982,31.035931,27.028076,30.10874,21873487,28.040926
ENGI11.SA,2018-09-01,30.447712,31.544388,29.540462,30.696957,12824646,28.871302
ENGI11.SA,2018-10-01,30.607229,34.525352,29.709949,34.395744,14314346,32.350109
ENGI11.SA,2018-11-01,34.375805,37.990002,33.707832,37.290001,14229696,35.072235
ENGI11.SA,2018-12-01,38,38.25,36.029999,37.060001,13829000,34.855911
ENGI11.SA,2019-01-01,37.060001,42.389999,37.060001,41.700001,27291400,39.219963
ENGI11.SA,2019-02-01,41.720001,42.509998,39.93,40.200001,18697400,37.809166
ENGI11.SA,2019-03-01,40.549999,42.950001,38.700001,40.279999,11590600,38.491531
ENGI11.SA,2019-04-01,40.02,41.91,38.639999,41.799999,13170200,40.091179
ENGI11.SA,2019-05-01,41.799999,45.049999,41.009998,45.009998,47122600,43.169956
ENGI11.SA,2019-06-01,45.150002,46.189999,43.549999,46,25446900,44.11948
ENGI11.SA,2019-07-01,46,49.599998,44.970001,49.400002,21058500,47.380489
ENGI11.SA,2019-08-01,49.400002,51,45.369999,47.25,22617800,45.318382
ENGI11.SA,2019-09-01,47.259998,51.360001,45.029999,49.779999,28792200,48.011631
ENGI11.SA,2019-10-01,49.950001,50.169998,45.310001,48,26225000,46.294865
ENGI11.SA,2019-11-01,48.209999,49.029999,44.84,45.860001,20039800,44.230885
ENGI11.SA,2019-12-01,45.98,54.509998,45.119999,54.240002,12673800,52.313198
ENGI11.SA,2020-01-01,54.240002,57.700001,52.830002,55.880001,12804900,53.894939
ENGI11.SA,2020-02-01,55.040001,59.799999,52.32,53.130001,13601900,51.242626
ENGI11.SA,2020-03-01,54.040001,60.439999,32.970001,37.799999,42313000,36.668705
ENGI11.SA,2020-04-01,36.490002,47.889999,35.099998,45.630001,46640000,44.264362
ENGI11.SA,2020-05-01,45.630001,47.75,38.09,46.990002,40394900,45.58366
ENGI11.SA,2020-06-01,47.52,50.869999,45.66,49.709999,28652900,48.222256
ENGI11.SA,2020-07-01,49.330002,51.009998,45.369999,48.75,35761200,47.290985
ENGI11.SA,2020-08-01,49.150002,50.380001,42.599998,43.98,35613900,42.663742
ENGI11.SA,2020-09-01,43.810001,45.970001,39.900002,41.299999,36552100,40.313461
ENGI11.SA,2020-10-01,41.290001,44.459999,39.259998,41.669998,28609800,40.674622
ENGI11.SA,2020-11-01,41.669998,48.450001,41.549999,46.139999,17062000,45.037849
ENGI11.SA,2020-12-01,46.860001,51.740002,45.599998,51.529999,14836700,50.299095
ENGI11.SA,2021-01-01,51.529999,53.48,46.34,50.049999,22598400,48.85445
ENGI11.SA,2021-02-01,50.009998,51.98,43.57,43.669998,16818500,42.62685
ENGI11.SA,2021-03-01,43.830002,46.200001,40.779999,45.23,39786900,44.149586
ENGI11.SA,2021-04-01,44.860001,45.380001,42.23,44.119999,30686600,44.119999
ENGI11.SA,2021-05-01,44.080002,47.279999,42.490002,46.52,32990700,46.52
ITSA4.SA,2012-05-01,5.512122,5.512122,4.861132,5.360021,427697284,3.383582
ITSA4.SA,2012-06-01,5.201837,5.566878,4.867216,5.171417,288240482,3.264524
ITSA4.SA,2012-07-01,5.147081,6.047516,5.001064,5.846743,312234322,3.697126
ITSA4.SA,2012-08-01,5.840659,6.284792,5.664222,5.688558,342734549,3.5971
ITSA4.SA,2012-09-01,5.670306,6.333465,5.414778,5.49387,372937934,3.473992
ITSA4.SA,2012-10-01,5.469534,5.603382,5.116661,5.414778,517199614,3.42948
ITSA4.SA,2012-11-01,5.396525,5.901499,5.360021,5.846743,334798839,3.703067
ITSA4.SA,2012-12-01,5.877163,6.138776,5.798071,5.895415,345312287,3.733892
ITSA4.SA,2013-01-01,5.895415,6.473397,5.895415,6.132692,374865933,3.973497
ITSA4.SA,2013-02-01,6.138776,6.382137,5.877163,6.284792,373318931,4.072046
ITSA4.SA,2013-03-01,6.211784,6.601161,6.138776,6.278708,340477982,4.068103
ITSA4.SA,2013-04-01,6.388221,6.418641,5.773735,6.059684,389135937,3.980808
ITSA4.SA,2013-05-01,6.059684,6.520258,5.976333,6.338203,406003832,4.163777
ITSA4.SA,2013-06-01,6.338203,6.338203,5.313302,5.535813,466696950,3.63666
ITSA4.SA,2013-07-01,5.475128,5.845981,5.057077,5.643697,492622203,3.713459
ITSA4.SA,2013-08-01,5.684154,5.89318,5.407701,5.643697,522968195,3.713459
ITSA4.SA,2013-09-01,5.717868,6.250547,5.522328,6.068492,398867849,4.02746
ITSA4.SA,2013-10-01,6.095463,6.513515,5.96735,6.506772,384855505,4.326084
ITSA4.SA,2013-11-01,6.533743,6.533743,5.920151,6.257289,351712598,4.160213
ITSA4.SA,2013-12-01,6.203347,6.277518,5.852723,6.001064,369566538,3.98986
ITSA4.SA,2014-01-01,6.001064,6.055006,5.475128,5.677411,390376086,3.817636
ITSA4.SA,2014-02-01,5.663926,5.994321,5.502099,5.73385,448087715,3.855587
ITSA4.SA,2014-03-01,5.73385,6.275418,5.381831,6.261878,440654315,4.210646
ITSA4.SA,2014-04-01,6.268648,6.756059,6.194182,6.620667,371745651,4.459804
ITSA4.SA,2014-05-01,6.620667,6.955085,6.344468,6.366807,311068806,4.288798
ITSA4.SA,2014-06-01,6.366807,6.910406,6.255109,6.471059,279275704,4.359024
ITSA4.SA,2014-07-01,6.493399,7.238055,6.337021,7.066784,307533586,4.768682
ITSA4.SA,2014-08-01,7.029551,8.168874,6.888066,8.153981,379780649,5.502328
ITSA4.SA,2014-09-01,8.228447,8.429504,6.731689,6.902959,438707196,4.699125
ITSA4.SA,2014-10-01,6.806154,7.952924,6.433826,7.364646,670826231,5.02029
ITSA4.SA,2014-11-01,7.31252,8.191214,6.873173,7.818886,380116647,5.329935
ITSA4.SA,2014-12-01,7.632722,7.647615,6.478506,6.992318,488844940,4.7664859999999996
ITSA4.SA,2015-01-01,6.992318,7.297627,6.687009,6.806154,516403086,4.663532
ITSA4.SA,2015-02-01,6.865727,7.807093,6.806154,7.530934,478193829,5.160147
ITSA4.SA,2015-03-01,7.508542,7.717528,6.836804,7.448832,499020970,5.20844
ITSA4.SA,2015-04-01,7.590644,8.210136,7.538397,7.919049,436485605,5.545473
ITSA4.SA,2015-05-01,7.919049,8.105643,7.23313,7.24134,403170736,5.070894
ITSA4.SA,2015-06-01,7.26597,7.528695,6.921144,7.315231,501313832,5.122639
ITSA4.SA,2015-07-01,7.372702,7.504064,6.436746,6.896514,484137504,4.83765
ITSA4.SA,2015-08-01,6.847253,6.937565,5.582892,5.976979,685936954,4.192629
ITSA4.SA,2015-09-01,5.796356,6.66663,5.648573,5.862037,678536591,4.158599
ITSA4.SA,2015-10-01,5.878457,6.65021,5.845617,5.911298,550370996,4.202202
ITSA4.SA,2015-11-01,5.911298,6.477797,5.911298,5.952348,513174416,4.231383
ITSA4.SA,2015-12-01,6.009819,6.510638,5.599312,5.648573,492945155,4.015439
ITSA4.SA,2016-01-01,5.648573,5.664994,5.131335,5.648573,449996049,4.087445
ITSA4.SA,2016-02-01,5.640363,5.738885,5.213436,5.599312,443840732,4.051799
ITSA4.SA,2016-03-01,5.664994,7.175659,5.632153,6.707681,849177119,4.989846
ITSA4.SA,2016-04-01,6.62558,7.315231,6.231493,7.109978,256654679,5.300774
ITSA4.SA,2016-05-01,7.15267,7.242982,6.385023,6.448241,476397902,4.80742
ITSA4.SA,2016-06-01,6.439209,6.881736,6.276649,6.854642,507405249,5.110411
ITSA4.SA,2016-07-01,6.890767,7.694539,6.664988,7.550041,428662230,5.640708
ITSA4.SA,2016-08-01,7.577134,8.01063,7.396511,7.766788,451792619,5.802643
ITSA4.SA,2016-09-01,7.739695,7.983536,7.333293,7.531979,475833077,5.67878
ITSA4.SA,2016-10-01,7.54101,8.525405,7.423605,8.525405,594167735,6.439012
ITSA4.SA,2016-11-01,8.552499,8.696997,7.62229,7.77582,503655895,5.872869
ITSA4.SA,2016-12-01,7.378449,7.676477,7.098483,7.477792,372760937,5.647776
ITSA4.SA,2017-01-01,7.405542,8.471218,7.369418,8.380907,298906441,6.566916
ITSA4.SA,2017-02-01,8.426062,9.563636,8.182221,9.127272,331304946,7.151735
ITSA4.SA,2017-03-01,9.227272,9.272727,8.472727,8.636363,373624570,6.879151
ITSA4.SA,2017-04-01,8.690909,8.990909,8.454545,8.990909,292810760,7.172273
ITSA4.SA,2017-05-01,8.990909,9.463636,7.754545,8.136363,472812230,6.490581
ITSA4.SA,2017-06-01,8.172727,8.263636,7.872727,8.2,292418940,6.541345
ITSA4.SA,2017-07-01,8.218181,8.481818,8.10909,8.40909,336133600,6.719403
ITSA4.SA,2017-08-01,8.50909,9.472727,8.50909,9.272727,438870850,7.409503
ITSA4.SA,2017-09-01,9.345454,10.3,9.30909,10.027272,423465020,8.076821
ITSA4.SA,2017-10-01,10.00909,10.518181,9.527272,9.527272,346172420,7.685379
ITSA4.SA,2017-11-01,9.672727,9.927272,9.327272,9.436363,334476560,7.612045
ITSA4.SA,2017-12-01,9.354545,9.972727,9.318181,9.836363,313385710,7.934713
ITSA4.SA,2018-01-01,9.836363,12.290909,9.836363,12.045454,374224180,9.882323
ITSA4.SA,2018-02-01,12.045454,13.118181,11.3,11.927272,447679980,9.785365
ITSA4.SA,2018-03-01,11.972727,12.718181,11.9,12.536363,302971900,10.787108
ITSA4.SA,2018-04-01,12.545454,12.690909,11.718181,12.372727,257677200,10.658492
ITSA4.SA,2018-05-01,12.372727,12.372727,10.063636,10.20909,525804620,8.794627
ITSA4.SA,2018-06-01,10.5,10.68,8.51,9.18,578588000,7.908116
ITSA4.SA,2018-07-01,9.16,11.05,9.13,10.42,347545200,8.988317
ITSA4.SA,2018-08-01,10.45,11.05,9.34,9.59,476037400,8.272359
ITSA4.SA,2018-09-01,9.49,10.1,9.23,10.1,395626300,8.899033
ITSA4.SA,2018-10-01,10.11,11.48,9.92,11.24,653388100,9.918994
ITSA4.SA,2018-11-01,11.28,12.63,11.2,12.34,372201200,10.889711
ITSA4.SA,2018-12-01,12.53,12.6,11.47,12.08,397231300,10.66027
ITSA4.SA,2019-01-01,12.08,13.71,12.08,13.5,601458600,11.940884
ITSA4.SA,2019-02-01,13.5,13.8,12.33,12.37,717154000,10.941386
ITSA4.SA,2019-03-01,12.4,13.04,11.36,11.98,455097200,10.962827
ITSA4.SA,2019-04-01,12.1,12.15,11.31,11.91,371836700,10.916419
ITSA4.SA,2019-05-01,11.91,12.45,11.02,12.39,479823200,11.356376
ITSA4.SA,2019-06-01,12.42,13.07,11.83,12.89,498662200,11.814664
ITSA4.SA,2019-07-01,13,13.49,12.43,12.47,358912200,11.448182
ITSA4.SA,2019-08-01,12.56,13.16,11.67,12.29,533774500,11.282932
ITSA4.SA,2019-09-01,12.27,13.44,11.9,13.18,422719300,12.430676
ITSA4.SA,2019-10-01,13.2,13.99,12.11,13.71,391134100,12.951622
ITSA4.SA,2019-11-01,13.75,14.25,13,13.27,334994100,12.535962
ITSA4.SA,2019-12-01,13.31,14.26,13.26,14.09,338858800,13.3106
ITSA4.SA,2020-01-01,14.09,14.38,12.72,12.86,407079600,12.172302
ITSA4.SA,2020-02-01,12.88,13.51,11.7,12.01,501189700,11.367758
ITSA4.SA,2020-03-01,12.06,12.39,7.44,8.77,967992100,8.445064
ITSA4.SA,2020-04-01,8.5,9.88,7.91,9,594723100,8.680997
ITSA4.SA,2020-05-01,9,9.43,7.84,8.86,737770400,8.545959
ITSA4.SA,2020-06-01,8.84,10.59,8.76,9.59,760397200,9.250086
ITSA4.SA,2020-07-01,9.67,11.16,9.64,10.67,652457700,10.31509
ITSA4.SA,2020-08-01,10.73,10.9,9.43,9.43,604518300,9.116335
ITSA4.SA,2020-09-01,9.54,10.03,8.79,8.8,555076500,8.542519
ITSA4.SA,2020-10-01,8.85,10.1,8.76,9.09,634953900,8.84279
ITSA4.SA,2020-11-01,9.09,11.08,9.09,10.58,834988600,10.292265
ITSA4.SA,2020-12-01,10.75,11.94,10.7,11.73,474626600,11.410992
ITSA4.SA,2021-01-01,11.73,12.35,10.44,10.61,549460800,10.433218
ITSA4.SA,2021-02-01,10.79,11.02,9.72,9.95,679132500,9.802957
ITSA4.SA,2021-03-01,10.1,10.6,9.32,10.32,729446800,10.167488
ITSA4.SA,2021-04-01,10.34,10.43,10.01,10.06,537043200,9.965122
ITSA4.SA,2021-05-01,10.14,10.97,9.88,10.86,617914400,10.803095
BBDC4.SA,2012-05-01,13.207513,13.207513,11.469796,12.763382,401236216,8.967598
BBDC4.SA,2012-06-01,12.504665,13.647333,12.224388,12.909989,291436797,9.075338
BBDC4.SA,2012-07-01,12.875493,13.75082,12.310627,13.625773,314545116,9.635467
BBDC4.SA,2012-08-01,13.591277,15.130645,13.336872,14.164767,284819611,10.021968
BBDC4.SA,2012-09-01,14.203575,15.704135,13.789627,14.044032,285353013,9.941549
BBDC4.SA,2012-10-01,14.009537,14.544219,13.306688,13.798251,278377518,9.77222
BBDC4.SA,2012-11-01,13.781003,15.523033,13.699076,15.303123,288096779,10.844156
BBDC4.SA,2012-12-01,15.311747,15.962852,14.975414,15.16514,267310380,10.751566
BBDC4.SA,2013-01-01,15.16514,16.588085,15.16514,15.78175,337981129,11.353782
BBDC4.SA,2013-02-01,15.678263,15.954228,14.746881,15.22982,318434073,10.961577
BBDC4.SA,2013-03-01,15.070277,16.040466,15.070277,15.808915,281881647,11.405455
BBDC4.SA,2013-04-01,16.065044,16.558332,14.917203,15.628675,301216544,11.280475
BBDC4.SA,2013-05-01,15.628675,16.781261,15.287169,16.28323,324310485,11.758484
BBDC4.SA,2013-06-01,16.221569,16.292715,12.915594,13.636553,391528697,9.852046
BBDC4.SA,2013-07-01,13.408882,14.034977,12.095029,13.138522,413616345,9.561107
BBDC4.SA,2013-08-01,13.257101,14.006518,12.626262,13.166981,393838344,9.588082
BBDC4.SA,2013-09-01,13.304532,15.102186,13.000971,14.409686,318152973,10.499955
BBDC4.SA,2013-10-01,14.514035,15.780456,14.281621,15.277682,321049359,11.139939
BBDC4.SA,2013-11-01,15.310884,15.733025,13.982803,14.703761,322609082,10.728013
BBDC4.SA,2013-12-01,14.514035,14.789138,13.185954,13.79782,282683497,10.072908
BBDC4.SA,2014-01-01,13.79782,13.87371,12.019139,12.408077,333437545,9.16704
BBDC4.SA,2014-02-01,12.327444,13.185954,11.867358,12.953539,335982689,9.570022
BBDC4.SA,2014-03-01,12.953539,14.812854,12.446022,14.793881,393499961,11.019555
BBDC4.SA,2014-04-01,14.82234,16.363865,14.703761,15.75674,375275992,11.744962
BBDC4.SA,2014-05-01,15.75674,16.771774,14.779652,14.803368,351372462,11.040921
BBDC4.SA,2014-06-01,14.931433,16.453983,14.665816,15.201792,317805733,11.344396
BBDC4.SA,2014-07-01,15.306141,17.037392,14.997837,16.416039,307029349,12.325364
BBDC4.SA,2014-08-01,16.340149,19.584461,16.069788,19.513313,318630923,14.659459
BBDC4.SA,2014-09-01,19.565489,19.921225,16.131449,16.525131,431563705,12.421246
BBDC4.SA,2014-10-01,16.226313,18.972595,14.608898,17.701431,642083761,13.311576
BBDC4.SA,2014-11-01,17.416843,19.821619,16.387579,18.797098,320031892,14.143454
BBDC4.SA,2014-12-01,18.412905,18.441362,15.272939,16.62948,312855238,12.518878
BBDC4.SA,2015-01-01,16.62948,17.74412,15.799429,15.998641,372969085,12.251473
BBDC4.SA,2015-02-01,16.197853,18.479307,15.718795,17.83424,285991219,13.664637
BBDC4.SA,2015-03-01,17.791552,18.085627,15.733025,16.819206,411110625,12.9453
BBDC4.SA,2015-04-01,17.109488,18.640575,17.007034,18.316145,299491774,14.104612
BBDC4.SA,2015-05-01,18.30476,18.674726,16.022358,16.050816,324296851,12.367151
BBDC4.SA,2015-06-01,16.130501,16.60861,15.42472,16.181726,345957567,12.474066
BBDC4.SA,2015-07-01,16.306946,16.728136,14.701864,15.641008,292453377,12.138349
BBDC4.SA,2015-08-01,15.10598,15.191357,12.379618,13.11955,496378733,10.187747
BBDC4.SA,2015-09-01,12.692666,14.383125,11.867358,12.19179,493158300,9.473525
BBDC4.SA,2015-10-01,12.237324,14.092844,11.867358,11.952735,468856052,9.294928
BBDC4.SA,2015-11-01,11.952735,13.5692,11.81044,12.021036,494504802,9.355474
BBDC4.SA,2015-12-01,12.021036,12.886187,10.831455,10.973749,499271678,8.547084
BBDC4.SA,2016-01-01,10.973749,10.979441,9.636181,10.330578,456165821,8.359067
BBDC4.SA,2016-02-01,10.256585,12.203173,10.11429,12.146255,537275090,9.83717
BBDC4.SA,2016-03-01,12.220249,16.392323,12.208865,15.401953,705329753,12.485506
BBDC4.SA,2016-04-01,15.709309,18.26947,14.730323,16.215878,218436114,13.15565
BBDC4.SA,2016-05-01,16.222137,17.405458,13.918106,14.274981,363100889,11.588277
BBDC4.SA,2016-06-01,14.462809,16.090658,14.143501,15.765088,410071666,12.806634
BBDC4.SA,2016-07-01,15.827698,18.319559,15.621086,17.756073,343201535,14.535633
BBDC4.SA,2016-08-01,17.812422,18.638868,17.261457,18.19434,311627605,14.904443
BBDC4.SA,2016-09-01,18.26947,19.070873,17.117455,18.576258,352970011,15.226551
BBDC4.SA,2016-10-01,18.219383,20.974203,18.156775,20.93664,338872003,17.171606
BBDC4.SA,2016-11-01,20.974203,21.036814,17.511894,18.626347,387378969,15.585636
BBDC4.SA,2016-12-01,18.250689,18.407211,16.541447,18.156775,334855526,15.200788
BBDC4.SA,2017-01-01,18.012772,20.74255,17.843725,20.473328,268386129,17.314453
BBDC4.SA,2017-02-01,20.661158,21.619083,19.227398,20.924116,306204315,17.706291
BBDC4.SA,2017-03-01,20.992987,21.274731,19.290007,20.272978,311426359,17.164423
BBDC4.SA,2017-04-01,20.222891,21.13699,19.296268,20.917856,322500225,17.719643
BBDC4.SA,2017-05-01,20.917856,22.162535,17.589531,18.953169,390613402,16.063873
BBDC4.SA,2017-06-01,19.049585,19.449036,17.858126,19.387053,305450845,16.440695
BBDC4.SA,2017-07-01,19.36639,20.860882,18.891184,20.792011,293067026,17.643255
BBDC4.SA,2017-08-01,20.792011,23.4573,20.743801,23.12672,302134037,19.757475
BBDC4.SA,2017-09-01,23.250689,25.179064,22.982094,24.139118,279629347,20.634024
BBDC4.SA,2017-10-01,24.070248,25.736914,23.601929,23.884296,265585019,20.426485
BBDC4.SA,2017-11-01,24.001377,24.118458,22.134987,22.486225,263395261,19.240194
BBDC4.SA,2017-12-01,22.376034,23.546831,22.038567,23.312672,267807018,19.957581
BBDC4.SA,2018-01-01,23.312672,28.904959,23.312672,28.064737,311003293,24.582848
BBDC4.SA,2018-02-01,27.830578,28.078512,25.220385,26.701101,356007017,23.400074
BBDC4.SA,2018-03-01,26.79752,27.582644,25.853994,27.203856,292360625,23.85103
BBDC4.SA,2018-04-01,27.007574,27.704544,25.06818,26.189392,336430644,22.971764
BBDC4.SA,2018-05-01,26.189392,26.189392,22.037878,22.098484,371221752,19.392862
BBDC4.SA,2018-06-01,22.424242,23.143938,18.704544,20.378786,457658652,17.892881
BBDC4.SA,2018-07-01,19.939392,24.05303,19.871212,23.128786,401248980,20.319153
BBDC4.SA,2018-08-01,22.90909,24.469696,20.871212,21.5,364608156,19.022463
BBDC4.SA,2018-09-01,21.227272,22.310606,20.575756,21.719696,314804292,19.227568
BBDC4.SA,2018-10-01,21.696968,26.81818,21.257574,25.984848,559338780,23.01745
BBDC4.SA,2018-11-01,26.674242,29.719696,26.272726,29.136362,417672024,25.824785
BBDC4.SA,2018-12-01,29.545454,29.545454,27.219696,29.280302,336746256,25.964708
BBDC4.SA,2019-01-01,29.280302,34.803028,29.10606,34.287876,431589444,30.964203
BBDC4.SA,2019-02-01,34.272728,35.227272,32.696968,32.780304,458319048,29.61541
BBDC4.SA,2019-03-01,32.984848,34.863636,30.30303,32.530304,405000816,29.400883
BBDC4.SA,2019-04-01,33.081818,33.445454,30.645454,32.345455,340476950,29.245689
BBDC4.SA,2019-05-01,32.345455,33.981819,29.445454,33.636364,386845250,30.427427
BBDC4.SA,2019-06-01,33.718182,34.799999,32.381817,34.30909,333416380,31.051023
BBDC4.SA,2019-07-01,34.636364,36.30909,31.154545,31.363636,435506720,28.398556
BBDC4.SA,2019-08-01,31.81818,32.218182,28.50909,29.954544,504489810,27.259735
BBDC4.SA,2019-09-01,30.136362,32.31818,29.027271,30.836363,383562410,28.076384
BBDC4.SA,2019-10-01,31.163635,33.663635,28.881819,31.972727,500433890,29.126448
BBDC4.SA,2019-11-01,32.227272,32.454544,29.754545,30.336363,371532810,28.420322
BBDC4.SA,2019-12-01,30.427273,33.31818,30.354546,32.881817,412706250,30.820253
BBDC4.SA,2020-01-01,32.881817,34.545452,29.609091,29.9,469027460,28.939835
BBDC4.SA,2020-02-01,29.99091,31.700001,27,27.754545,519008710,26.875633
BBDC4.SA,2020-03-01,27.772726,28.254545,15.727272,18.881819,981090330,18.326488
BBDC4.SA,2020-04-01,18.181818,22.059999,16.563637,19.15,859672050,18.597143
BBDC4.SA,2020-05-01,19.15,19.15,14.645454,17.227272,1022372450,16.744471
BBDC4.SA,2020-06-01,17.172728,21.481817,17.081818,18.81818,1282304540,18.309774
BBDC4.SA,2020-07-01,18.927273,22.090908,18.872726,20.4,1198969530,19.867899
BBDC4.SA,2020-08-01,20.609091,20.681818,18.436363,18.854546,937551010,18.379238
BBDC4.SA,2020-09-01,19.136362,20.4,17.445454,17.645454,971720420,17.21534
BBDC4.SA,2020-10-01,17.681818,21.363636,17.472727,18.327272,1183580860,17.896585
BBDC4.SA,2020-11-01,18.327272,23.590908,18.327272,22.090908,1299652640,21.592785
BBDC4.SA,2020-12-01,22.536364,25.690908,22.481817,24.672728,868312280,24.138357
BBDC4.SA,2021-01-01,24.672728,25.827272,21.90909,22.49091,966791540,22.351696
BBDC4.SA,2021-02-01,22.890909,24.136362,20.827272,20.90909,869589160,20.794596
BBDC4.SA,2021-03-01,21.272726,24.981817,19.5,24.336363,1352176760,24.242294
BBDC4.SA,2021-04-01,24.445454,24.709999,22.781818,23.85,726592140,23.778099
BBDC4.SA,2021-05-01,24.16,26.67,23.139999,26.48,837907600,26.441004
BBAS3.SA,2012-05-01,23.58,23.690001,19.25,20,164320500,11.214762
BBAS3.SA,2012-06-01,19.450001,20.91,18.4,19.530001,124116700,10.982356
BBAS3.SA,2012-07-01,19.57,22.15,18,21.799999,137557400,12.439917
BBAS3.SA,2012-08-01,21.66,24.4,21.16,23.18,156122300,13.2274
BBAS3.SA,2012-09-01,23.219999,26.99,23.030001,24.799999,132427400,14.227598
BBAS3.SA,2012-10-01,24.709999,25.389999,21.52,21.67,153295000,12.574264
BBAS3.SA,2012-11-01,21.709999,23.120001,20.5,21.91,119340500,12.713524
BBAS3.SA,2012-12-01,22,25.790001,21.73,25.6,100331400,14.931046
BBAS3.SA,2013-01-01,25.6,27.15,24.040001,24.4,155491300,14.415812
BBAS3.SA,2013-02-01,24.4,26.5,23.450001,26.34,119244400,15.561988
BBAS3.SA,2013-03-01,26.35,27.35,25.85,26.9,131210000,15.892838
BBAS3.SA,2013-04-01,27.25,28.58,24.65,25.25,172480900,15.216156
BBAS3.SA,2013-05-01,25.25,27.219999,24.299999,25.4,136376600,15.306541
BBAS3.SA,2013-06-01,25.4,25.77,20.129999,22.059999,186354500,13.343716
BBAS3.SA,2013-07-01,21.5,23.190001,20.030001,22.67,130516600,13.880319
BBAS3.SA,2013-08-01,22.93,23.6,21.24,23.049999,170110000,14.112986
BBAS3.SA,2013-09-01,23.17,26.700001,22.790001,25.85,151797300,16.411188
BBAS3.SA,2013-10-01,26.1,29.780001,25.559999,29.75,121265000,19.135355
BBAS3.SA,2013-11-01,29.85,29.9,23.66,25.719999,178735600,16.543242
BBAS3.SA,2013-12-01,25.35,25.83,23.33,24.4,114352700,15.735312
BBAS3.SA,2014-01-01,24.4,24.48,19.91,20.889999,133628100,13.648148
BBAS3.SA,2014-02-01,20.620001,22.41,19.309999,20.700001,161446400,13.524015
BBAS3.SA,2014-03-01,20.700001,22.879999,18.610001,22.799999,146147200,14.991813
BBAS3.SA,2014-04-01,22.82,25.860001,22.639999,23.389999,146742500,15.623727
BBAS3.SA,2014-05-01,23.389999,25.09,21.82,22.889999,150885500,15.289743
BBAS3.SA,2014-06-01,22.93,26.790001,22.67,24.85,119321200,16.655796
BBAS3.SA,2014-07-01,24.959999,29.889999,24.1,27.719999,131539500,18.810625
BBAS3.SA,2014-08-01,27.6,35.259998,26.950001,35.200001,166632500,23.886517
BBAS3.SA,2014-09-01,35.200001,38.189999,25.16,25.299999,250047700,17.213902
BBAS3.SA,2014-10-01,24.98,34.279999,24.389999,27.73,343660500,19.067333
BBAS3.SA,2014-11-01,27.299999,31.1,23.75,29.700001,158986200,20.421925
BBAS3.SA,2014-12-01,29.09,29.129999,21.209999,23.77,504794886,16.381697
BBAS3.SA,2015-01-01,23.77,24.08,20.6,20.66,120424000,14.43504
BBAS3.SA,2015-02-01,20.790001,25.09,19.9,23.719999,118073300,16.573051
BBAS3.SA,2015-03-01,23.49,24.23,20.879999,22.91,138190400,16.067284
BBAS3.SA,2015-04-01,23.33,27.42,23.17,26.620001,147649100,18.96763
BBAS3.SA,2015-05-01,26.620001,28.4,22.709999,22.74,118244500,16.203003
BBAS3.SA,2015-06-01,22.799999,24.5,22.049999,24.280001,137543800,17.623106
BBAS3.SA,2015-07-01,24.379999,24.5,19.700001,22.049999,128186100,16.208172
BBAS3.SA,2015-08-01,21.950001,22.49,17.120001,17.83,163899400,13.106198
BBAS3.SA,2015-09-01,17.5,18.4,14.3,15.2,184053300,11.258535
BBAS3.SA,2015-10-01,15.2,18.51,14.71,15.97,178511500,12.023948
BBAS3.SA,2015-11-01,15.97,19.200001,15.97,16.290001,151804600,12.264879
BBAS3.SA,2015-12-01,16.4,18.98,14.6,14.74,186139200,11.200894
BBAS3.SA,2016-01-01,14.74,14.74,12.52,13.85,135789100,10.690849
BBAS3.SA,2016-02-01,13.74,14.2,12.7,13.54,165276900,10.451563
BBAS3.SA,2016-03-01,13.72,23.620001,13.62,19.77,407126500,15.260512
BBAS3.SA,2016-04-01,19.389999,23.129999,17.799999,22.110001,140872700,17.246244
BBAS3.SA,2016-05-01,22,22.129999,15.86,16.469999,259496700,12.846931
BBAS3.SA,2016-06-01,16.379999,17.6,15.39,17.18,233835300,13.506961
BBAS3.SA,2016-07-01,17.190001,21.9,16.57,21.049999,222982600,16.687298
BBAS3.SA,2016-08-01,21.139999,24.34,20.030001,23.209999,200675700,18.399626
BBAS3.SA,2016-09-01,23.450001,24.299999,21.65,22.799999,156771500,18.188711
BBAS3.SA,2016-10-01,22.9,29.4,22.9,29.290001,187026200,23.495773
BBAS3.SA,2016-11-01,29.379999,29.459999,23.07,28.5,201480400,22.862053
BBAS3.SA,2016-12-01,26.620001,28.09,25.02,28.09,147629800,22.620893
BBAS3.SA,2017-01-01,27.9,32,27.440001,31.110001,137387900,25.127968
BBAS3.SA,2017-02-01,31.389999,34.75,29.85,33.099998,129950700,26.735315
BBAS3.SA,2017-03-01,33.900002,35.290001,31.799999,33.77,158256900,27.276489
BBAS3.SA,2017-04-01,33.759998,34.290001,30.6,32.849998,122768600,26.610228
BBAS3.SA,2017-05-01,32.849998,35.389999,25.200001,28.34,205119600,22.956886
BBAS3.SA,2017-06-01,28.610001,28.950001,25.48,26.799999,165175100,21.859289
BBAS3.SA,2017-07-01,26.959999,30,26.450001,28.700001,120714300,23.476883
BBAS3.SA,2017-08-01,28.870001,32.41,28.75,30.700001,165816900,25.112904
BBAS3.SA,2017-09-01,31,35.970001,31,34.900002,172899800,28.739058
BBAS3.SA,2017-10-01,34.779999,37.830002,34.439999,34.439999,156185600,28.42436
BBAS3.SA,2017-11-01,35,35.040001,29.93,29.93,186174200,24.702127
BBAS3.SA,2017-12-01,29.950001,32.369999,29.620001,31.82,151342300,26.44005
BBAS3.SA,2018-01-01,31.82,40.099998,31.82,39.68,217943900,33.060078
BBAS3.SA,2018-02-01,39.43,43.279999,37.259998,41.799999,175637600,34.826385
BBAS3.SA,2018-03-01,41.779999,44.299999,39.73,41.029999,200888700,34.184837
BBAS3.SA,2018-04-01,41.040001,41.75,35.900002,36.700001,174482800,30.814617
BBAS3.SA,2018-05-01,36.700001,37.349998,27.73,30.370001,245287400,25.499731
BBAS3.SA,2018-06-01,31.139999,31.4,24.139999,28.65,313893500,24.217936
BBAS3.SA,2018-07-01,28.280001,33.740002,28.200001,32.5,220067700,27.553978
BBAS3.SA,2018-08-01,32.220001,34.669998,28.73,30.1,257991600,25.519224
BBAS3.SA,2018-09-01,29.860001,30.700001,26.76,29.450001,219003400,25.200718
BBAS3.SA,2018-10-01,29.549999,43.599998,28.200001,42.75,460473300,36.695267
BBAS3.SA,2018-11-01,42.799999,45.91,39.73,44.630001,245535400,38.309002
BBAS3.SA,2018-12-01,45.599998,46.490002,42.48,46.490002,162334400,40.287277
BBAS3.SA,2019-01-01,46.490002,52.75,46.09,51.860001,224202200,45.072582
BBAS3.SA,2019-02-01,51.560001,55.91,50.099998,50.599998,244237500,43.977478
BBAS3.SA,2019-03-01,50.759998,54.599998,46.400002,48.720001,229613100,42.819942
BBAS3.SA,2019-04-01,49.389999,50.299999,46.16,49.68,233458400,44.300282
BBAS3.SA,2019-05-01,49.68,52.580002,44.549999,51.849998,239606200,46.235291
BBAS3.SA,2019-06-01,52.220001,54.279999,49.939999,53.939999,210076400,48.507725
BBAS3.SA,2019-07-01,54.560001,55.700001,49.110001,49.220001,231002500,44.406666
BBAS3.SA,2019-08-01,49.799999,50.470001,43.439999,46.240002,224589100,41.718086
BBAS3.SA,2019-09-01,46.240002,50.529999,44.619999,45.490002,203290400,41.431816
BBAS3.SA,2019-10-01,45.709999,49.419998,43.009998,48.150002,348275500,44.068439
BBAS3.SA,2019-11-01,48.439999,48.799999,45.490002,47.810001,217364600,43.757267
BBAS3.SA,2019-12-01,47.810001,53.669998,47.43,52.82,212915100,48.726082
BBAS3.SA,2020-01-01,52.82,53.970001,48.049999,48.540001,286507200,44.943279
BBAS3.SA,2020-02-01,48.549999,52.360001,44.380001,46.860001,247825700,43.387768
BBAS3.SA,2020-03-01,46.82,47.490002,21.91,27.889999,580581100,26.055738
BBAS3.SA,2020-04-01,26.9,31.65,24,28.5,484351500,26.759764
BBAS3.SA,2020-05-01,28.5,32.93,24.75,30.84,469617800,28.956884
BBAS3.SA,2020-06-01,30.77,38.169998,30.559999,32.150002,482490600,30.186893
BBAS3.SA,2020-07-01,32.419998,36.200001,32.18,33.580002,378955400,31.529579
BBAS3.SA,2020-08-01,34.240002,35.040001,31.889999,32.650002,334054100,30.656364
BBAS3.SA,2020-09-01,33.150002,34.790001,29.469999,29.620001,315093600,28.189512
BBAS3.SA,2020-10-01,29.82,34.290001,29.16,29.799999,332288900,28.452276
BBAS3.SA,2020-11-01,29.799999,36.060001,29.799999,33.860001,394978600,32.328659
BBAS3.SA,2020-12-01,34.529999,39.790001,34.34,38.799999,327227200,37.259319
BBAS3.SA,2021-01-01,38.799999,40.560001,32.52,33.860001,424655400,32.614605
BBAS3.SA,2021-02-01,34.32,35.099998,27.91,28.049999,441378400,27.018299
BBAS3.SA,2021-03-01,28.65,31.41,27.02,30.450001,474134800,29.780258
BBAS3.SA,2021-04-01,30.77,30.799999,29,29.639999,315579400,29.129322
BBAS3.SA,2021-05-01,29.82,33.799999,28.809999,33.490002,299574600,32.912991
GGBR4.SA,2012-05-01,17.92,17.92,15.21,15.86,152176500,13.523522
GGBR4.SA,2012-06-01,15.5,18.07,15.35,17.700001,125826200,15.147177
GGBR4.SA,2012-07-01,17.66,18.790001,16.49,18.620001,111920300,15.934486
GGBR4.SA,2012-08-01,18.620001,20.32,17.65,17.940001,96667700,15.352563
GGBR4.SA,2012-09-01,17.959999,21.67,17.450001,19.280001,127036500,16.57737
GGBR4.SA,2012-10-01,19.23,19.77,17.139999,17.75,124556900,15.26184
GGBR4.SA,2012-11-01,17.719999,18.950001,17.049999,17.719999,108348100,15.236045
GGBR4.SA,2012-12-01,17.959999,18.879999,17.549999,17.93,115208700,15.476332
GGBR4.SA,2013-01-01,17.93,19.49,16.82,17.469999,146643700,15.079278
GGBR4.SA,2013-02-01,17.5,17.77,15.5,16.450001,119767100,14.198865
GGBR4.SA,2013-03-01,16.299999,16.32,14.62,15.37,136225000,13.266657
GGBR4.SA,2013-04-01,15.63,15.77,13.86,15.62,125842000,13.499599
GGBR4.SA,2013-05-01,15.62,15.82,12.95,13.05,153129300,11.278477
GGBR4.SA,2013-06-01,13.05,13.59,11.58,12.56,173146000,10.871025
GGBR4.SA,2013-07-01,12.65,14.88,12.5,14.59,157087500,12.628048
GGBR4.SA,2013-08-01,14.72,17.860001,14.64,17.15,223667200,14.843798
GGBR4.SA,2013-09-01,17.450001,17.93,16.33,16.6,162872200,14.432811
GGBR4.SA,2013-10-01,16.559999,18.08,16.33,17.73,146244200,15.415287
GGBR4.SA,2013-11-01,17.65,18.84,17.5,18,115517900,15.650037
GGBR4.SA,2013-12-01,17.870001,19.32,17.719999,18.34,110242300,16.051191
GGBR4.SA,2014-01-01,18.34,18.559999,16.58,17.15,143873500,15.009697
GGBR4.SA,2014-02-01,16.99,17.200001,14.44,14.44,140896600,12.637905
GGBR4.SA,2014-03-01,14.44,14.79,13.32,14.52,126117700,12.707923
GGBR4.SA,2014-04-01,14.64,14.69,12.92,13.38,123988500,11.767596
GGBR4.SA,2014-05-01,13.38,14.7,13.28,13.33,117864700,11.72362
GGBR4.SA,2014-06-01,13.41,14.15,12.8,12.94,87213400,11.439545
GGBR4.SA,2014-07-01,13.05,14.4,12.87,13.35,137348200,11.802001
GGBR4.SA,2014-08-01,13.3,13.6,12.42,12.99,116671300,11.483745
GGBR4.SA,2014-09-01,13.05,13.73,11.52,11.78,118107100,10.461748
GGBR4.SA,2014-10-01,11.59,12.57,10.6,11.09,165880700,9.848964
GGBR4.SA,2014-11-01,11.08,11.74,10.33,10.9,100814200,9.680225
GGBR4.SA,2014-12-01,10.57,10.58,7.86,9.58,259297544,8.548304
GGBR4.SA,2015-01-01,9.58,10.66,8.51,9.27,179136100,8.271687
GGBR4.SA,2015-02-01,9.2,10.53,9.14,10.14,110941200,9.047993
GGBR4.SA,2015-03-01,10.09,11.44,9.77,10.1,210885100,9.012302
GGBR4.SA,2015-04-01,10.18,10.84,9.16,10.02,138474200,8.999519
GGBR4.SA,2015-05-01,10.05,10.85,8.6,8.61,144421200,7.733119
GGBR4.SA,2015-06-01,8.71,9.14,7.41,7.49,153213000,6.770033
GGBR4.SA,2015-07-01,7.53,7.56,5.56,5.89,221769500,5.323832
GGBR4.SA,2015-08-01,5.85,6.44,4.44,5.25,179017000,4.74535
GGBR4.SA,2015-09-01,5.04,6.93,5.02,5.47,219746700,4.995921
GGBR4.SA,2015-10-01,5.54,6.88,5.3,5.43,173440900,4.959387
GGBR4.SA,2015-11-01,5.43,6.45,4.8,6.1,232326700,5.571319
GGBR4.SA,2015-12-01,6.16,6.24,4.6,4.65,159057300,4.277765
GGBR4.SA,2016-01-01,4.65,4.67,3.23,3.6,160795600,3.311818
GGBR4.SA,2016-02-01,3.65,4.5,3.41,3.53,261322200,3.247421
GGBR4.SA,2016-03-01,3.62,6.97,3.57,6.54,438016200,6.016469
GGBR4.SA,2016-04-01,7.04,8.65,6.14,7.81,187238000,7.184804
GGBR4.SA,2016-05-01,7.96,7.97,5.53,5.57,330162800,5.124119
GGBR4.SA,2016-06-01,5.56,6.6,5.51,5.89,267141600,5.418501
GGBR4.SA,2016-07-01,5.93,8.05,5.83,7.75,282816900,7.129607
GGBR4.SA,2016-08-01,7.79,10.49,7.4,9.08,404136800,8.353141
GGBR4.SA,2016-09-01,9.18,9.86,8.18,8.86,282219900,8.176115
GGBR4.SA,2016-10-01,8.96,11.19,8.81,11.02,248276000,10.169394
GGBR4.SA,2016-11-01,11.15,14.64,10.03,13.55,315033100,12.504107
GGBR4.SA,2016-12-01,13.92,13.98,10.25,10.8,248391400,9.981117
GGBR4.SA,2017-01-01,10.7,13.38,10.54,12.2,225849900,11.274964
GGBR4.SA,2017-02-01,12.32,13.75,11.97,12.95,176691500,11.968098
GGBR4.SA,2017-03-01,13.3,13.55,10.6,10.89,252978700,10.064292
GGBR4.SA,2017-04-01,10.97,11.28,9.19,9.8,173675100,9.05694
GGBR4.SA,2017-05-01,9.8,10.47,8.25,9.54,250576800,8.816651
GGBR4.SA,2017-06-01,9.61,10.47,8.89,10.28,197247000,9.500544
GGBR4.SA,2017-07-01,10.3,11.2,10.25,10.66,156612000,9.85173
GGBR4.SA,2017-08-01,10.68,12.12,10.48,11.85,179515300,10.951504
GGBR4.SA,2017-09-01,12.11,13.54,10.65,11.04,248343100,10.22142
GGBR4.SA,2017-10-01,11.11,12.2,10.43,10.95,221599200,10.138094
GGBR4.SA,2017-11-01,11.02,11.21,9.95,11.08,198517100,10.258454
GGBR4.SA,2017-12-01,11.03,12.6,10.78,12.38,152172000,11.494811
GGBR4.SA,2018-01-01,12.38,15.38,12.38,14.4,346242200,13.370378
GGBR4.SA,2018-02-01,14.51,17.35,13.52,16.620001,238377000,15.431646
GGBR4.SA,2018-03-01,16.969999,17.59,14.43,15.5,263479900,14.391726
GGBR4.SA,2018-04-01,15.64,17.5,15.18,16.65,163512100,15.488303
GGBR4.SA,2018-05-01,16.65,18.530001,14.63,14.8,226684800,13.767385
GGBR4.SA,2018-06-01,15.19,16.549999,13.09,13.91,259571400,13.00005
GGBR4.SA,2018-07-01,13.83,17.23,13.65,16.68,215391400,15.588845
GGBR4.SA,2018-08-01,16.6,17.530001,15.2,16.040001,241248700,14.990713
GGBR4.SA,2018-09-01,15.9,17.65,15.04,17.190001,167280400,16.207745
GGBR4.SA,2018-10-01,17.129999,17.559999,14.83,16.26,384719400,15.330887
GGBR4.SA,2018-11-01,16.280001,17.4,14.56,15.48,292609900,14.595457
GGBR4.SA,2018-12-01,15.99,16.379999,14.16,14.82,215143500,14.09252
GGBR4.SA,2019-01-01,14.82,16.299999,14.57,15.65,266693600,14.881777
GGBR4.SA,2019-02-01,15.8,16.15,15,15.14,199907900,14.396811
GGBR4.SA,2019-03-01,15.23,16.09,14.4,15.14,242170600,14.396811
GGBR4.SA,2019-04-01,15.4,16.440001,14.15,14.15,243251500,13.545532
GGBR4.SA,2019-05-01,14.15,14.88,13.58,13.87,249072800,13.277493
GGBR4.SA,2019-06-01,13.95,15.27,13.55,15.2,163807000,14.625186
GGBR4.SA,2019-07-01,15.4,15.54,13.61,13.75,255531200,13.230021
GGBR4.SA,2019-08-01,13.9,14,11.54,12.87,330547300,12.383301
GGBR4.SA,2019-09-01,13.01,13.82,12.36,13.16,272215600,12.732624
GGBR4.SA,2019-10-01,13.11,13.69,12.31,13.43,255780200,12.993855
GGBR4.SA,2019-11-01,13.57,17.58,13.52,17,330943900,16.447916
GGBR4.SA,2019-12-01,16.76,20.15,16.629999,20,244543200,19.401278
GGBR4.SA,2020-01-01,20,22.540001,19.6,20.049999,263814300,19.449783
GGBR4.SA,2020-02-01,20.049999,22.290001,16.15,16.93,259069300,16.423187
GGBR4.SA,2020-03-01,17.24,18.540001,8.16,10.05,467218900,9.749143
GGBR4.SA,2020-04-01,9.87,12.8,9.16,11.74,414803900,11.408767
GGBR4.SA,2020-05-01,11.74,13.91,10.92,13.43,401421100,13.051086
GGBR4.SA,2020-06-01,13.75,16.41,13.13,16.01,412075100,15.558294
GGBR4.SA,2020-07-01,15.85,18.120001,15.22,17.450001,328110000,16.957666
GGBR4.SA,2020-08-01,17.690001,20.4,17.040001,19.09,338659400,18.551395
GGBR4.SA,2020-09-01,19.25,21.84,19.040001,20.799999,283253500,20.213148
GGBR4.SA,2020-10-01,20.92,24.059999,20.27,21.809999,290664300,21.194653
GGBR4.SA,2020-11-01,21.809999,23.620001,20.540001,22.6,287693600,21.962364
GGBR4.SA,2020-12-01,22.860001,25.25,22.4,24.450001,253915400,23.887512
GGBR4.SA,2021-01-01,24.450001,30,23.02,23.25,327269500,22.874556
GGBR4.SA,2021-02-01,23.690001,28.17,22.82,25.870001,277342800,25.452248
GGBR4.SA,2021-03-01,26.280001,30.52,26.02,30.219999,395896300,29.732002
GGBR4.SA,2021-04-01,30.52,35.009998,29.120001,33.220001,291486000,32.836067
GGBR4.SA,2021-05-01,33.25,37.84,31.75,32.919998,326633300,32.539532
CSNA3.SA,2012-05-01,16.35,16.469999,12.81,12.99,85400100,8.294549
CSNA3.SA,2012-06-01,12.8,13.1,10.76,11.38,84661500,7.266509
CSNA3.SA,2012-07-01,11.31,12.71,9,10.53,97432800,6.723756
CSNA3.SA,2012-08-01,10.56,11.99,9.55,9.94,142616000,6.34702
CSNA3.SA,2012-09-01,10.09,14.55,9.55,11.42,158907000,7.292051
CSNA3.SA,2012-10-01,11.5,11.98,10.78,11.23,94535600,7.170729
CSNA3.SA,2012-11-01,11.18,11.95,9.82,10.49,108345500,6.698215
CSNA3.SA,2012-12-01,10.42,12.44,10.3,11.86,101863000,7.573005
CSNA3.SA,2013-01-01,11.86,12.89,10.64,10.75,114274000,6.988407
CSNA3.SA,2013-02-01,10.84,11.33,9.55,10,88784300,6.500844
CSNA3.SA,2013-03-01,9.95,11,8.9,9.09,129811500,5.909267
CSNA3.SA,2013-04-01,9.35,9.77,7.57,7.91,162538700,5.142167
CSNA3.SA,2013-05-01,7.91,8,6.5,6.61,163436500,4.469822
CSNA3.SA,2013-06-01,6.71,6.86,5.76,5.96,170178800,4.030279
CSNA3.SA,2013-07-01,6.15,7.43,5.28,6.57,142558400,4.442774
CSNA3.SA,2013-08-01,6.52,9.07,6.41,8.5,230667700,5.747881
CSNA3.SA,2013-09-01,8.61,9.79,8.6,9.46,162855800,6.542249
CSNA3.SA,2013-10-01,9.5,12.42,9.24,12.25,176426500,8.471727
CSNA3.SA,2013-11-01,12.1,13.09,11.72,11.91,108030300,8.236594
CSNA3.SA,2013-12-01,11.7,14.7,11.7,14.38,98946400,10.591897
CSNA3.SA,2014-01-01,14.38,14.56,10.9,11.19,160403700,8.242234
CSNA3.SA,2014-02-01,11.07,11.94,9.93,9.93,112181300,7.314156
CSNA3.SA,2014-03-01,10.23,10.31,8.5,9.84,122785900,7.247861
CSNA3.SA,2014-04-01,9.9,10.15,8.56,8.56,124792400,6.495738
CSNA3.SA,2014-05-01,8.56,9.57,8.53,8.59,119184700,6.518503
CSNA3.SA,2014-06-01,8.63,9.85,8.57,9.4,101839000,7.133169
CSNA3.SA,2014-07-01,9.47,11.9,9.27,11.45,144393600,8.688807
CSNA3.SA,2014-08-01,11.4,12.08,9.62,9.84,108162000,7.467062
CSNA3.SA,2014-09-01,9.83,10.28,8.62,8.7,118926100,6.601976
CSNA3.SA,2014-10-01,8.69,9.47,7.64,8.25,134145300,6.260494
CSNA3.SA,2014-11-01,8.19,8.44,5.93,6.05,111030100,4.591029
CSNA3.SA,2014-12-01,5.9,6.48,4.22,5.58,195993209,4.234371
CSNA3.SA,2015-01-01,5.58,5.99,4.15,4.2,150667700,3.187161
CSNA3.SA,2015-02-01,4.24,5.44,4.15,5.17,98122600,4.068976
CSNA3.SA,2015-03-01,5.18,6.18,4.81,5.42,126733400,4.265735
CSNA3.SA,2015-04-01,5.58,8.37,5.43,8.03,122368300,6.575137
CSNA3.SA,2015-05-01,8.07,9.4,6.1,6.14,120763000,5.027564
CSNA3.SA,2015-06-01,6.18,6.84,5.12,5.19,89846700,4.249683
CSNA3.SA,2015-07-01,5.17,5.25,3.8,4.35,115551900,3.561873
CSNA3.SA,2015-08-01,4.32,4.59,2.74,3.5,132525700,2.865875
CSNA3.SA,2015-09-01,3.36,5.85,3.35,3.92,193411500,3.20978
CSNA3.SA,2015-10-01,3.94,5.49,3.56,4.34,176602300,3.553685
CSNA3.SA,2015-11-01,4.34,6.37,4.34,5.5,149099300,4.503518
CSNA3.SA,2015-12-01,5.6,5.69,3.95,4,104293800,3.275286
CSNA3.SA,2016-01-01,4,4,3.09,3.55,94973300,2.906816
CSNA3.SA,2016-02-01,3.53,5.47,3.46,5.2,123746800,4.257872
CSNA3.SA,2016-03-01,5.37,8.59,5.37,7.13,208798100,5.838198
CSNA3.SA,2016-04-01,7.35,14.12,6.95,13.14,113679700,10.759315
CSNA3.SA,2016-05-01,13.2,13.59,6.35,6.54,189133000,5.355093
CSNA3.SA,2016-06-01,6.5,8.17,6.25,7.82,210397900,6.403184
CSNA3.SA,2016-07-01,7.88,11.75,7.78,11.07,206597200,9.064354
CSNA3.SA,2016-08-01,11.15,11.4,8.49,8.6,158613700,7.041866
CSNA3.SA,2016-09-01,8.6,9.8,7.82,9.09,151095600,7.443087
CSNA3.SA,2016-10-01,9.09,11.12,9.09,10.74,146204400,8.794143
CSNA3.SA,2016-11-01,10.9,13.42,9.43,12.43,144380900,10.177952
CSNA3.SA,2016-12-01,12.45,12.59,9.41,10.85,103512000,8.884213
CSNA3.SA,2017-01-01,10.7,12.92,10.61,11.55,87705000,9.457388
CSNA3.SA,2017-02-01,11.84,12.97,11.02,11.98,78320600,9.809482
CSNA3.SA,2017-03-01,12.1,12.23,9.01,9.11,116357800,7.459463
CSNA3.SA,2017-04-01,9.14,9.52,7.05,7.75,122180700,6.345866
CSNA3.SA,2017-05-01,7.75,8.05,6.37,6.86,151725800,5.617115
CSNA3.SA,2017-06-01,6.97,7.35,5.97,7.18,159701900,5.879138
CSNA3.SA,2017-07-01,7.3,8.02,6.92,7.62,132366400,6.239419
CSNA3.SA,2017-08-01,7.62,8.81,7.43,8.69,197611400,7.115559
CSNA3.SA,2017-09-01,8.81,11.35,8.78,9.61,201935900,7.868875
CSNA3.SA,2017-10-01,9.81,11.18,8.36,8.43,218539000,6.902665
CSNA3.SA,2017-11-01,8.65,8.7,7.25,7.36,210501600,6.026526
CSNA3.SA,2017-12-01,7.28,8.5,7.16,8.38,174391200,6.861724
CSNA3.SA,2018-01-01,8.38,11.33,8.38,10.99,258667800,8.998849
CSNA3.SA,2018-02-01,11.12,11.2,9.56,10.15,168158000,8.311037
CSNA3.SA,2018-03-01,10.25,10.34,8.1,8.8,204944100,7.20563
CSNA3.SA,2018-04-01,8.82,9.45,8.39,8.78,167154000,7.189253
CSNA3.SA,2018-05-01,8.78,9.8,7.35,7.7,206378100,6.304925
CSNA3.SA,2018-06-01,7.81,9.45,7.42,7.86,220068500,6.435937
CSNA3.SA,2018-07-01,7.8,9.49,7.53,9.18,192198700,7.51678
CSNA3.SA,2018-08-01,9,10.04,8.24,8.78,219550000,7.189253
CSNA3.SA,2018-09-01,8.78,9.56,8.13,9.34,123943000,8.207905
CSNA3.SA,2018-10-01,9.34,10.3,8.78,9.57,200409200,8.410027
CSNA3.SA,2018-11-01,9.61,10.32,8.32,8.87,135678300,7.794873
CSNA3.SA,2018-12-01,9.19,9.6,8.4,8.84,138440700,7.768509
CSNA3.SA,2019-01-01,8.84,11.11,8.7,10.2,230695500,8.963666
CSNA3.SA,2019-02-01,10.44,13.32,9.26,13.08,296646200,11.494581
CSNA3.SA,2019-03-01,13.23,17.42,13.16,16.25,383684000,14.28035
CSNA3.SA,2019-04-01,16.9,17.49,14.25,14.54,296254300,12.777617
CSNA3.SA,2019-05-01,14.54,18.27,13.48,16.540001,294985700,15.202456
CSNA3.SA,2019-06-01,16.530001,18.24,15.89,16.709999,200641200,16.113829
CSNA3.SA,2019-07-01,17.15,17.799999,16.120001,16.530001,182381500,15.940255
CSNA3.SA,2019-08-01,16.49,16.68,13.19,14.36,226725200,13.847672
CSNA3.SA,2019-09-01,14.65,15.15,13.06,13.23,166965100,12.757988
CSNA3.SA,2019-10-01,13.22,13.86,11.65,11.8,251077500,11.6191
CSNA3.SA,2019-11-01,11.94,13.04,11.23,12.56,185760300,12.367449
CSNA3.SA,2019-12-01,12.38,14.71,12.35,14.11,212873100,13.893685
CSNA3.SA,2020-01-01,14.11,15.95,12.74,12.9,259862700,12.702236
CSNA3.SA,2020-02-01,12.9,13.75,10.71,11.18,207459700,11.008605
CSNA3.SA,2020-03-01,11.4,12.69,5.48,6.98,431157000,6.872993
CSNA3.SA,2020-04-01,6.63,9.27,6.13,8.96,290457500,8.822639
CSNA3.SA,2020-05-01,8.96,10.69,7.32,10.32,329840500,10.161789
CSNA3.SA,2020-06-01,10.55,12.46,10.2,10.68,273749400,10.538234
CSNA3.SA,2020-07-01,10.76,13.57,10.48,12.25,280706300,12.087394
CSNA3.SA,2020-08-01,12.53,15.77,12.36,15.21,291631600,15.008102
CSNA3.SA,2020-09-01,15.42,17.26,14.44,16.5,310210300,16.280979
CSNA3.SA,2020-10-01,16.51,21.940001,16.16,20.540001,315309700,20.267353
CSNA3.SA,2020-11-01,20.540001,24.77,19.219999,23.51,262831500,23.197927
CSNA3.SA,2020-12-01,24.09,32.779999,23.059999,31.85,272724500,31.427223
CSNA3.SA,2021-01-01,31.85,39.630001,30.360001,30.4,288094600,29.996469
CSNA3.SA,2021-02-01,31,38.049999,30.370001,32.869999,350884300,32.433681
CSNA3.SA,2021-03-01,33.490002,38.700001,32.849998,37.900002,390760300,37.396915
CSNA3.SA,2021-04-01,38.279999,52.549999,36.439999,49.189999,256448000,48.537048
CSNA3.SA,2021-05-01,49,53.900002,43.389999,44.919998,241203500,44.32373
USIM5.SA,2012-05-01,10.92,11.08,8.5,8.5,123740400,8.149867
USIM5.SA,2012-06-01,8.2,8.54,6.02,6.32,192327200,6.059666
USIM5.SA,2012-07-01,6.32,7.49,5.57,7.38,179616200,7.076002
USIM5.SA,2012-08-01,7.5,8.95,7.05,8.15,234248100,7.814284
USIM5.SA,2012-09-01,8.27,12.96,7.95,10.12,277182100,9.703135
USIM5.SA,2012-10-01,10.17,10.65,9.35,9.81,152003300,9.405906
USIM5.SA,2012-11-01,9.65,12.98,9.42,12.5,168313000,11.985098
USIM5.SA,2012-12-01,12.62,13.33,11.21,12.8,118714100,12.27274
USIM5.SA,2013-01-01,12.8,13.64,10.15,10.34,146951400,9.914073
USIM5.SA,2013-02-01,10.47,10.57,9,9.8,135067000,9.396317
USIM5.SA,2013-03-01,9.69,10.9,9.51,10.76,129853300,10.316772
USIM5.SA,2013-04-01,10.82,11.57,9.45,9.85,133457800,9.444258
USIM5.SA,2013-05-01,9.85,9.94,7.96,8.9,149055100,8.533389
USIM5.SA,2013-06-01,9.01,9.28,7.39,7.48,147122300,7.171883
USIM5.SA,2013-07-01,7.9,9.89,6.5,8.71,180175800,8.351215
USIM5.SA,2013-08-01,8.53,11.33,8.41,10.39,223544000,9.962014
USIM5.SA,2013-09-01,10.5,10.79,10.03,10.52,124730100,10.08666
USIM5.SA,2013-10-01,10.65,12.48,10.5,11.88,157226700,11.390637
USIM5.SA,2013-11-01,11.95,13.29,11.46,12.45,124919000,11.937159
USIM5.SA,2013-12-01,12.36,14.87,12.09,14.21,103066100,13.62466
USIM5.SA,2014-01-01,14.21,14.34,11.69,11.9,148687300,11.409812
USIM5.SA,2014-02-01,11.86,12.59,9.75,9.77,133418200,9.367556
USIM5.SA,2014-03-01,9.77,10.7,8.44,10.23,160132600,9.808605
USIM5.SA,2014-04-01,10.28,10.52,8.54,8.75,168056300,8.389568
USIM5.SA,2014-05-01,8.75,9.16,7.86,7.88,107781100,7.555406
USIM5.SA,2014-06-01,7.97,8.38,7.48,7.58,94140000,7.267764
USIM5.SA,2014-07-01,7.66,9.19,7.63,8.05,147657600,7.718404
USIM5.SA,2014-08-01,8.02,8.54,7.96,8.09,123150300,7.756756
USIM5.SA,2014-09-01,8.09,9.04,6.28,6.37,169785100,6.107606
USIM5.SA,2014-10-01,6.33,7.19,5.19,5.7,178566800,5.465205
USIM5.SA,2014-11-01,5.69,5.92,4.95,5.25,118851400,5.033741
USIM5.SA,2014-12-01,5.02,5.63,4.24,5.05,192459728,4.84198
USIM5.SA,2015-01-01,5.05,5.16,3.35,3.35,156996100,3.212006
USIM5.SA,2015-02-01,3.42,4.32,3.37,4.13,193882200,3.959876
USIM5.SA,2015-03-01,4.14,5.32,4.07,4.97,197205000,4.765275
USIM5.SA,2015-04-01,5.01,6.42,4.53,5.97,160437300,5.724082
USIM5.SA,2015-05-01,5.97,7.09,4.99,5.1,185304000,4.917008
USIM5.SA,2015-06-01,5.06,5.25,4.12,4.12,138940700,3.972171
USIM5.SA,2015-07-01,4.15,4.39,3.66,3.93,141483500,3.788989
USIM5.SA,2015-08-01,3.94,4.45,2.65,2.98,160207900,2.873075
USIM5.SA,2015-09-01,2.87,4.88,2.87,3.35,236703100,3.229799
USIM5.SA,2015-10-01,3.36,3.88,2.76,2.78,219054000,2.680251
USIM5.SA,2015-11-01,2.78,3.07,2.2,2.2,247326200,2.121062
USIM5.SA,2015-12-01,2.25,2.27,1.42,1.55,188289800,1.494385
USIM5.SA,2016-01-01,1.55,1.55,0.84,0.85,256523400,0.819501
USIM5.SA,2016-02-01,0.84,1.06,0.82,0.9,388081600,0.867707
USIM5.SA,2016-03-01,0.91,2.28,0.9,1.81,657078100,1.745056
USIM5.SA,2016-04-01,1.78,2.7,1.42,2.5,426535400,2.410298
USIM5.SA,2016-05-01,2.54,2.57,1.59,1.67,548623100,1.610079
USIM5.SA,2016-06-01,1.69,2.25,1.62,1.97,611638900,1.899315
USIM5.SA,2016-07-01,1.97,3.76,1.93,3.75,727627200,3.615447
USIM5.SA,2016-08-01,3.84,4.3,3.32,3.47,814934100,3.345493
USIM5.SA,2016-09-01,3.5,4.09,3.23,3.53,439779400,3.403341
USIM5.SA,2016-10-01,3.56,4.83,3.5,4.51,525093900,4.348177
USIM5.SA,2016-11-01,4.58,4.66,3.77,4.15,690832900,4.001095
USIM5.SA,2016-12-01,4.23,4.28,3.82,4.1,349469600,3.952888
USIM5.SA,2017-01-01,4.1,5.38,4.05,5.25,403545900,5.061626
USIM5.SA,2017-02-01,5.35,5.62,4.83,4.93,246708600,4.753108
USIM5.SA,2017-03-01,5.03,5.31,3.91,4.44,363478000,4.280689
USIM5.SA,2017-04-01,4.46,4.48,3.65,4.26,319699900,4.107148
USIM5.SA,2017-05-01,4.26,4.57,3.6,3.97,365386700,3.827553
USIM5.SA,2017-06-01,4,4.62,3.86,4.6,218509000,4.434948
USIM5.SA,2017-07-01,4.64,5.28,4.61,5.17,232306600,4.984496
USIM5.SA,2017-08-01,5.22,6.93,5.17,6.89,361082600,6.642781
USIM5.SA,2017-09-01,6.96,9.63,6.96,7.78,548608300,7.500848
USIM5.SA,2017-10-01,7.84,10.58,7.69,8.81,508455000,8.49389
USIM5.SA,2017-11-01,9.04,9.59,7.8,8.56,409834500,8.25286
USIM5.SA,2017-12-01,8.52,9.2,8.42,9.1,255815700,8.773485
USIM5.SA,2018-01-01,9.1,12.12,9.1,11.86,400348600,11.434454
USIM5.SA,2018-02-01,11.95,12.88,10.83,12.32,284574700,11.877948
USIM5.SA,2018-03-01,12.32,12.45,10.45,10.92,255119400,10.528181
USIM5.SA,2018-04-01,10.94,11.66,10.03,10.9,205264200,10.508899
USIM5.SA,2018-05-01,10.9,11.4,8.25,8.25,242757500,7.988852
USIM5.SA,2018-06-01,8.4,9.73,7.02,7.32,294358700,7.08829
USIM5.SA,2018-07-01,7.28,9.34,7.15,8.87,331161400,8.589226
USIM5.SA,2018-08-01,8.75,9.19,7.6,8.07,340205100,7.814549
USIM5.SA,2018-09-01,8.07,8.65,6.88,8.32,310977000,8.056635
USIM5.SA,2018-10-01,8.38,10.7,7.93,10.28,450235200,9.954594
USIM5.SA,2018-11-01,10.34,10.35,8.37,9.35,303159100,9.054031
USIM5.SA,2018-12-01,9.81,9.99,8.57,9.22,317247600,8.928147
USIM5.SA,2019-01-01,9.22,10.38,9.12,9.81,381424300,9.499471
USIM5.SA,2019-02-01,9.85,10.3,9.16,9.66,298659500,9.427917
USIM5.SA,2019-03-01,9.8,11.22,9.41,10.04,290698300,9.798789
USIM5.SA,2019-04-01,10.3,10.41,8.47,8.63,268883100,8.422663
USIM5.SA,2019-05-01,8.63,9.02,7.7,8.2,227291400,8.06536
USIM5.SA,2019-06-01,8.27,9.07,7.93,8.94,203072100,8.79321
USIM5.SA,2019-07-01,9.08,9.81,8.61,8.75,258515000,8.606329
USIM5.SA,2019-08-01,8.76,8.85,6.87,7.9,283073900,7.780053
USIM5.SA,2019-09-01,7.94,8.49,7.55,7.81,229562700,7.691419
USIM5.SA,2019-10-01,7.68,7.82,7.12,7.26,283281500,7.149771
USIM5.SA,2019-11-01,7.35,8.83,7.31,8.51,286580500,8.380792
USIM5.SA,2019-12-01,8.4,9.65,8.32,9.51,254490400,9.365607
USIM5.SA,2020-01-01,9.51,11.53,9.09,9.63,480098800,9.483786
USIM5.SA,2020-02-01,9.65,10.47,7.82,8.17,327891700,8.045953
USIM5.SA,2020-03-01,8.39,8.95,3.78,4.92,446911600,4.845299
USIM5.SA,2020-04-01,4.7,5.12,4.01,4.8,443427900,4.727121
USIM5.SA,2020-05-01,4.8,6.42,4.13,6.15,556431700,6.113017
USIM5.SA,2020-06-01,6.22,7.71,6.03,7.27,561795100,7.226281
USIM5.SA,2020-07-01,7.28,8.74,7.12,8.13,440398700,8.08111
USIM5.SA,2020-08-01,8.35,10.19,7.98,10.15,455725400,10.088962
USIM5.SA,2020-09-01,10.2,11.64,9.78,10.03,481635200,9.969684
USIM5.SA,2020-10-01,10.05,12.18,9.82,10.9,386565200,10.834452
USIM5.SA,2020-11-01,10.9,14.23,10.65,13.65,320858400,13.567915
USIM5.SA,2020-12-01,13.79,15.2,13.11,14.61,399490300,14.522141
USIM5.SA,2021-01-01,14.61,17.309999,12.81,13.2,393712800,13.120621
USIM5.SA,2021-02-01,13.45,17.6,12.96,16.24,434221700,16.14234
USIM5.SA,2021-03-01,16.49,18.9,15.85,17.1,495722700,16.997169
USIM5.SA,2021-04-01,17.26,23.57,16.559999,22.450001,416216900,22.314997
USIM5.SA,2021-05-01,22.52,24.360001,19.030001,19.860001,488873100,19.854845
